dataset,eps_fraction,eps_abs,min_samples,auto_eps,true_contam,auc_roc,auc_roc_std,auc_pr,auc_pr_std,f1,f1_std
arrhythmia,0.25,5.7699,2,23.0796,0.14601769911504425,0.7573133825881079,0.07800014840199834,0.4278015100031931,0.09171551815110857,0.2557795545402627,0.005739532870406906
arrhythmia,0.25,5.7699,3,23.0796,0.14601769911504425,0.6062117369809676,0.13272429064207059,0.24322689452619262,0.12222172853259503,0.254789644012945,0.006012453778954761
arrhythmia,0.25,5.7699,5,23.0796,0.14601769911504425,0.5,0.0,0.14600732600732597,0.003967333414404839,0.254789644012945,0.006012453778954761
arrhythmia,0.25,5.7699,7,23.0796,0.14601769911504425,0.5,0.0,0.14600732600732597,0.003967333414404839,0.254789644012945,0.006012453778954761
arrhythmia,0.25,5.7699,10,23.0796,0.14601769911504425,0.5,0.0,0.14600732600732597,0.003967333414404839,0.254789644012945,0.006012453778954761
arrhythmia,0.25,5.7699,15,23.0796,0.14601769911504425,0.5,0.0,0.14600732600732597,0.003967333414404839,0.254789644012945,0.006012453778954761
arrhythmia,0.25,5.7699,20,23.0796,0.14601769911504425,0.5,0.0,0.14600732600732597,0.003967333414404839,0.254789644012945,0.006012453778954761
arrhythmia,0.5,11.5398,2,23.0796,0.14601769911504425,0.7649551913288177,0.076947189725174,0.4226163748510028,0.1017145123638593,0.4023004978339678,0.06673558259602566
arrhythmia,0.5,11.5398,3,23.0796,0.14601769911504425,0.7647553911290176,0.07678910532187641,0.4223427354469286,0.10158693334696826,0.4023004978339678,0.06673558259602566
arrhythmia,0.5,11.5398,5,23.0796,0.14601769911504425,0.7643557907294172,0.07683754240899744,0.421933340919887,0.1015451231434512,0.4023004978339678,0.06673558259602566
arrhythmia,0.5,11.5398,7,23.0796,0.14601769911504425,0.7691023262451835,0.07310482203840112,0.42395809456905775,0.09845573884087457,0.40588780966932225,0.061168562887573594
arrhythmia,0.5,11.5398,10,23.0796,0.14601769911504425,0.7681293065908451,0.07314315757501563,0.4232703740446892,0.0979664575175531,0.40588780966932225,0.061168562887573594
arrhythmia,0.5,11.5398,15,23.0796,0.14601769911504425,0.771240481130591,0.07872883458046379,0.42329311477331233,0.10128153176246897,0.40588780966932225,0.061168562887573594
arrhythmia,0.5,11.5398,20,23.0796,0.14601769911504425,0.7712950053609394,0.07679054677100161,0.42208759612833385,0.09463195568208901,0.4040696278511405,0.06118143993047726
arrhythmia,0.75,17.3097,2,23.0796,0.14601769911504425,0.7687539566660446,0.07478782536905747,0.4285688035461,0.10561101302335546,0.4081244239631336,0.09459426204735212
arrhythmia,0.75,17.3097,3,23.0796,0.14601769911504425,0.7695531574652454,0.07542645773929245,0.4394079643852608,0.11257040538615276,0.4081244239631336,0.09459426204735212
arrhythmia,0.75,17.3097,5,23.0796,0.14601769911504425,0.7693559188064683,0.07558032903157962,0.4391380588521974,0.11294198428960313,0.4081244239631336,0.09459426204735212
arrhythmia,0.75,17.3097,7,23.0796,0.14601769911504425,0.7693559188064683,0.07558032903157962,0.4391380588521974,0.11294198428960313,0.4081244239631336,0.09459426204735212
arrhythmia,0.75,17.3097,10,23.0796,0.14601769911504425,0.7693559188064683,0.07558032903157962,0.4391380588521974,0.11294198428960313,0.4081244239631336,0.09459426204735212
arrhythmia,0.75,17.3097,15,23.0796,0.14601769911504425,0.7693559188064683,0.07558032903157962,0.4391380588521974,0.11294198428960313,0.4081244239631336,0.09459426204735212
arrhythmia,0.75,17.3097,20,23.0796,0.14601769911504425,0.7693559188064683,0.07558032903157962,0.4391380588521974,0.11294198428960313,0.4081244239631336,0.09459426204735212
arrhythmia,1.0,23.0796,2,23.0796,0.14601769911504425,0.7685541564662445,0.07549156434329021,0.42794689526114826,0.12952514403994334,0.32553884711779446,0.07840320076575163
arrhythmia,1.0,23.0796,3,23.0796,0.14601769911504425,0.769153557065645,0.07447639674234405,0.4330751003893534,0.11364323933444354,0.32553884711779446,0.07840320076575163
arrhythmia,1.0,23.0796,5,23.0796,0.14601769911504425,0.769153557065645,0.07447639674234405,0.4330751003893534,0.11364323933444354,0.32553884711779446,0.07840320076575163
arrhythmia,1.0,23.0796,7,23.0796,0.14601769911504425,0.769153557065645,0.07447639674234405,0.4330751003893534,0.11364323933444354,0.32553884711779446,0.07840320076575163
arrhythmia,1.0,23.0796,10,23.0796,0.14601769911504425,0.769153557065645,0.07447639674234405,0.4330751003893534,0.11364323933444354,0.32553884711779446,0.07840320076575163
arrhythmia,1.0,23.0796,15,23.0796,0.14601769911504425,0.7693533572654452,0.07463295435477381,0.43538279269704566,0.1144203564680049,0.32553884711779446,0.07840320076575163
arrhythmia,1.0,23.0796,20,23.0796,0.14601769911504425,0.7693533572654452,0.07463295435477381,0.43538279269704566,0.1144203564680049,0.32553884711779446,0.07840320076575163
arrhythmia,1.5,34.6194,2,23.0796,0.14601769911504425,0.7683569178074674,0.07564269834681583,0.4253827926970457,0.13242951745187825,0.15499999999999997,0.09683892697555967
arrhythmia,1.5,34.6194,3,23.0796,0.14601769911504425,0.7683569178074674,0.07564269834681583,0.4253827926970457,0.13242951745187825,0.15499999999999997,0.09683892697555967
arrhythmia,1.5,34.6194,5,23.0796,0.14601769911504425,0.7683569178074674,0.07564269834681583,0.4253827926970457,0.13242951745187825,0.15499999999999997,0.09683892697555967
arrhythmia,1.5,34.6194,7,23.0796,0.14601769911504425,0.7683569178074674,0.07564269834681583,0.4253827926970457,0.13242951745187825,0.15499999999999997,0.09683892697555967
arrhythmia,1.5,34.6194,10,23.0796,0.14601769911504425,0.7683569178074674,0.07564269834681583,0.4253827926970457,0.13242951745187825,0.15499999999999997,0.09683892697555967
arrhythmia,1.5,34.6194,15,23.0796,0.14601769911504425,0.7683569178074674,0.07564269834681583,0.4253827926970457,0.13242951745187825,0.15499999999999997,0.09683892697555967
arrhythmia,1.5,34.6194,20,23.0796,0.14601769911504425,0.7683569178074674,0.07564269834681583,0.4253827926970457,0.13242951745187825,0.15499999999999997,0.09683892697555967
arrhythmia,2.0,46.1592,2,23.0796,0.14601769911504425,0.7683569178074674,0.07564269834681583,0.4253827926970457,0.13242951745187825,0.026666666666666665,0.05333333333333333
arrhythmia,2.0,46.1592,3,23.0796,0.14601769911504425,0.7683569178074674,0.07564269834681583,0.4253827926970457,0.13242951745187825,0.026666666666666665,0.05333333333333333
arrhythmia,2.0,46.1592,5,23.0796,0.14601769911504425,0.7683569178074674,0.07564269834681583,0.4253827926970457,0.13242951745187825,0.026666666666666665,0.05333333333333333
arrhythmia,2.0,46.1592,7,23.0796,0.14601769911504425,0.7683569178074674,0.07564269834681583,0.4253827926970457,0.13242951745187825,0.026666666666666665,0.05333333333333333
arrhythmia,2.0,46.1592,10,23.0796,0.14601769911504425,0.7683569178074674,0.07564269834681583,0.4253827926970457,0.13242951745187825,0.026666666666666665,0.05333333333333333
arrhythmia,2.0,46.1592,15,23.0796,0.14601769911504425,0.7683569178074674,0.07564269834681583,0.4253827926970457,0.13242951745187825,0.026666666666666665,0.05333333333333333
arrhythmia,2.0,46.1592,20,23.0796,0.14601769911504425,0.7683569178074674,0.07564269834681583,0.4253827926970457,0.13242951745187825,0.026666666666666665,0.05333333333333333
arrhythmia,3.0,69.2388,2,23.0796,0.14601769911504425,0.7683569178074674,0.07564269834681583,0.4253827926970457,0.13242951745187825,0.0,0.0
arrhythmia,3.0,69.2388,3,23.0796,0.14601769911504425,0.7683569178074674,0.07564269834681583,0.4253827926970457,0.13242951745187825,0.0,0.0
arrhythmia,3.0,69.2388,5,23.0796,0.14601769911504425,0.7683569178074674,0.07564269834681583,0.4253827926970457,0.13242951745187825,0.0,0.0
arrhythmia,3.0,69.2388,7,23.0796,0.14601769911504425,0.7683569178074674,0.07564269834681583,0.4253827926970457,0.13242951745187825,0.0,0.0
arrhythmia,3.0,69.2388,10,23.0796,0.14601769911504425,0.7683569178074674,0.07564269834681583,0.4253827926970457,0.13242951745187825,0.0,0.0
arrhythmia,3.0,69.2388,15,23.0796,0.14601769911504425,0.7683569178074674,0.07564269834681583,0.4253827926970457,0.13242951745187825,0.0,0.0
arrhythmia,3.0,69.2388,20,23.0796,0.14601769911504425,0.7683569178074674,0.07564269834681583,0.4253827926970457,0.13242951745187825,0.0,0.0
breastw,0.25,0.5616,2,2.2463,0.34992679355783307,0.9889050603452647,0.00841163040514927,0.9737570321600513,0.025464202756836446,0.8706922435362803,0.008648451809474815
breastw,0.25,0.5616,3,2.2463,0.34992679355783307,0.9941108581632727,0.002215331988978437,0.9890234484628119,0.0041979899122486595,0.8643734643734644,0.005781008813701331
breastw,0.25,0.5616,5,2.2463,0.34992679355783307,0.9937316741102151,0.002334355237623179,0.9881002402098324,0.004502697399990884,0.8537153695048432,0.014980464411251388
breastw,0.25,0.5616,7,2.2463,0.34992679355783307,0.9941576746426735,0.002069859426593967,0.9889907853516817,0.0038748960911691053,0.8417415984269493,0.01640283858220809
breastw,0.25,0.5616,10,2.2463,0.34992679355783307,0.9941108581632727,0.00212442343414974,0.9889290600370714,0.004000171783124087,0.8402511466337493,0.015957455460258587
breastw,0.25,0.5616,15,2.2463,0.34992679355783307,0.9942060192228283,0.0022111768759727826,0.989162594405696,0.004159082120165506,0.8315417135321723,0.01769452973441012
breastw,0.25,0.5616,20,2.2463,0.34992679355783307,0.9942060192228283,0.0022111768759727826,0.989162594405696,0.00415908212016552,0.8272738111262811,0.018892996881262347
breastw,0.5,1.1231,2,2.2463,0.34992679355783307,0.9799421834590225,0.009681013902046523,0.9542241828715919,0.02473864718865937,0.9204618773470026,0.02123007271314054
breastw,0.5,1.1231,3,2.2463,0.34992679355783307,0.9846827028955586,0.005355331281719433,0.9656641712452882,0.012957325974750172,0.9403492565342969,0.010411776294586015
breastw,0.5,1.1231,5,2.2463,0.34992679355783307,0.9944432936525185,0.001801456781685146,0.9896697290731039,0.003380908556289571,0.9384115117394092,0.007101543382077454
breastw,0.5,1.1231,7,2.2463,0.34992679355783307,0.9942092112555148,0.002192756134722677,0.9892471978134296,0.004112975312002354,0.9384115117394092,0.007101543382077454
breastw,0.5,1.1231,10,2.2463,0.34992679355783307,0.994254895808431,0.0021710053877747465,0.9893356454885502,0.004030746208848128,0.9384115117394092,0.007101543382077454
breastw,0.5,1.1231,15,2.2463,0.34992679355783307,0.994442161726034,0.002022422274604978,0.9896861568473533,0.003780892664447804,0.9384115117394092,0.007101543382077454
breastw,0.5,1.1231,20,2.2463,0.34992679355783307,0.994442161726034,0.002022422274604978,0.9896861568473533,0.003780892664447804,0.9365125218404193,0.0047709429115932855
breastw,0.75,1.6847,2,2.2463,0.34992679355783307,0.9730562445214759,0.01188793141374187,0.9396075445745051,0.02634600716538258,0.6246939659124408,0.05323850516715084
breastw,0.75,1.6847,3,2.2463,0.34992679355783307,0.9748975719724136,0.009020733634505064,0.9321940681090266,0.03763910788504754,0.6836707399346391,0.026591163545012574
breastw,0.75,1.6847,5,2.2463,0.34992679355783307,0.9773463024942226,0.009556986830371216,0.9444306967850812,0.030711344912894643,0.7601151132254357,0.022560622169469784
breastw,0.75,1.6847,7,2.2463,0.34992679355783307,0.9795669385101311,0.008429537669516356,0.9512653086153954,0.02531132533984226,0.821859444721427,0.018622770715580987
breastw,0.75,1.6847,10,2.2463,0.34992679355783307,0.9874744297807141,0.006763517885961005,0.9741273391773021,0.015799291651760337,0.9326272073858206,0.009517386905469306
breastw,0.75,1.6847,15,2.2463,0.34992679355783307,0.9921308697179784,0.003566363762402422,0.9853868320152191,0.00659356941628915,0.9483848146201369,0.00830385044803738
breastw,0.75,1.6847,20,2.2463,0.34992679355783307,0.9918510348524692,0.003513375352254494,0.9848828270002222,0.0064286888425946175,0.9446297125793206,0.014054356437000292
breastw,1.0,2.2463,2,2.2463,0.34992679355783307,0.9641274725802127,0.015778389202515033,0.9260741369098998,0.03643043248695878,0.22383164005805517,0.09515682230720111
breastw,1.0,2.2463,3,2.2463,0.34992679355783307,0.9668229404371228,0.014294410425369731,0.9292763135587595,0.034822194559960315,0.23765199161425574,0.08560132226551834
breastw,1.0,2.2463,5,2.2463,0.34992679355783307,0.9704369779555053,0.010787241409823699,0.937674749994323,0.02296241237416528,0.30721866706038553,0.06278592791058783
breastw,1.0,2.2463,7,2.2463,0.34992679355783307,0.9748234194684111,0.007581481880591309,0.9463340127617895,0.01932629452066693,0.42361940016620087,0.06124519870040019
breastw,1.0,2.2463,10,2.2463,0.34992679355783307,0.9732451517324814,0.008060391143470813,0.9354008144027499,0.032917774321405316,0.44280335712604907,0.06249878480419816
breastw,1.0,2.2463,15,2.2463,0.34992679355783307,0.9758364823528133,0.00858491344989424,0.9411469241074466,0.027848989310776017,0.5157217352516354,0.039930133864549404
breastw,1.0,2.2463,20,2.2463,0.34992679355783307,0.9797913316164271,0.006300786590109868,0.9545281487045646,0.017520237272200253,0.6114711350293542,0.04426091699297737
breastw,1.5,3.3694,2,2.2463,0.34992679355783307,0.9583222291345198,0.010506515857412566,0.9191962627934218,0.030511955010894053,0.0,0.0
breastw,1.5,3.3694,3,2.2463,0.34992679355783307,0.9583222291345198,0.010506515857412566,0.9191962627934218,0.030511955010894053,0.0,0.0
breastw,1.5,3.3694,5,2.2463,0.34992679355783307,0.9583222291345198,0.010506515857412566,0.9191962627934218,0.030511955010894053,0.0,0.0
breastw,1.5,3.3694,7,2.2463,0.34992679355783307,0.9578551283514078,0.010419318621033746,0.9183890464657649,0.028083428269375824,0.008163265306122448,0.016326530612244896
breastw,1.5,3.3694,10,2.2463,0.34992679355783307,0.9579024768362563,0.010403621156713012,0.9190834909102094,0.027628176939686697,0.016326530612244896,0.019995834634964717
breastw,1.5,3.3694,15,2.2463,0.34992679355783307,0.9638024172516463,0.0092352362834164,0.9271481215022641,0.023547966932737512,0.016326530612244896,0.019995834634964717
breastw,1.5,3.3694,20,2.2463,0.34992679355783307,0.9640838481334985,0.008978471727369526,0.9285076541117967,0.022764568384895323,0.04048979591836734,0.025301382044487206
breastw,2.0,4.4926,2,2.2463,0.34992679355783307,0.9583222291345198,0.010506515857412566,0.9191962627934218,0.030511955010894053,0.0,0.0
breastw,2.0,4.4926,3,2.2463,0.34992679355783307,0.9583222291345198,0.010506515857412566,0.9191962627934218,0.030511955010894053,0.0,0.0
breastw,2.0,4.4926,5,2.2463,0.34992679355783307,0.9583222291345198,0.010506515857412566,0.9191962627934218,0.030511955010894053,0.0,0.0
breastw,2.0,4.4926,7,2.2463,0.34992679355783307,0.9583222291345198,0.010506515857412566,0.9191962627934218,0.030511955010894053,0.0,0.0
breastw,2.0,4.4926,10,2.2463,0.34992679355783307,0.9583222291345198,0.010506515857412566,0.9191962627934218,0.030511955010894053,0.0,0.0
breastw,2.0,4.4926,15,2.2463,0.34992679355783307,0.9583222291345198,0.010506515857412566,0.9191962627934218,0.030511955010894053,0.0,0.0
breastw,2.0,4.4926,20,2.2463,0.34992679355783307,0.9583222291345198,0.010506515857412566,0.9191962627934218,0.030511955010894053,0.0,0.0
breastw,3.0,6.7388,2,2.2463,0.34992679355783307,0.9583222291345198,0.010506515857412566,0.9191962627934218,0.030511955010894053,0.0,0.0
breastw,3.0,6.7388,3,2.2463,0.34992679355783307,0.9583222291345198,0.010506515857412566,0.9191962627934218,0.030511955010894053,0.0,0.0
breastw,3.0,6.7388,5,2.2463,0.34992679355783307,0.9583222291345198,0.010506515857412566,0.9191962627934218,0.030511955010894053,0.0,0.0
breastw,3.0,6.7388,7,2.2463,0.34992679355783307,0.9583222291345198,0.010506515857412566,0.9191962627934218,0.030511955010894053,0.0,0.0
breastw,3.0,6.7388,10,2.2463,0.34992679355783307,0.9583222291345198,0.010506515857412566,0.9191962627934218,0.030511955010894053,0.0,0.0
breastw,3.0,6.7388,15,2.2463,0.34992679355783307,0.9583222291345198,0.010506515857412566,0.9191962627934218,0.030511955010894053,0.0,0.0
breastw,3.0,6.7388,20,2.2463,0.34992679355783307,0.9583222291345198,0.010506515857412566,0.9191962627934218,0.030511955010894053,0.0,0.0
cardio,0.25,0.7442,2,2.9769,0.0961223375204806,0.6648271231957033,0.06987929858695169,0.3247560772106095,0.046752130130845414,0.1764394110832978,0.00643203216139495
cardio,0.25,0.7442,3,2.9769,0.0961223375204806,0.7325104301539347,0.06046845838954987,0.4196597430230683,0.05984796936580336,0.17738872937995032,0.004747406544585287
cardio,0.25,0.7442,5,2.9769,0.0961223375204806,0.792746367429147,0.07239804112774922,0.4784763382983875,0.07848719474037166,0.17723963159377193,0.001605933588717379
cardio,0.25,0.7442,7,2.9769,0.0961223375204806,0.7675965088956025,0.03506788648661485,0.44905684504960136,0.0460212054785447,0.1765282434196421,0.0016678455781310997
cardio,0.25,0.7442,10,2.9769,0.0961223375204806,0.6755939193401429,0.14500626367758607,0.3132005981588131,0.18216020513447032,0.1757356608478803,0.0019176878998032338
cardio,0.25,0.7442,15,2.9769,0.0961223375204806,0.5,0.0,0.09612126085079138,0.0009856911004898715,0.17538288274351344,0.001638583442139063
cardio,0.25,0.7442,20,2.9769,0.0961223375204806,0.5,0.0,0.09612126085079138,0.0009856911004898715,0.17538288274351344,0.001638583442139063
cardio,0.5,1.4885,2,2.9769,0.0961223375204806,0.5700177432503717,0.03798019329144374,0.24953653966283212,0.04939807460689982,0.16906920706195347,0.023646976966037913
cardio,0.5,1.4885,3,2.9769,0.0961223375204806,0.6356174171582026,0.056144269322133906,0.2930573317744748,0.05444045212130586,0.1927661289823606,0.03127067596840405
cardio,0.5,1.4885,5,2.9769,0.0961223375204806,0.731555651465017,0.04857335011261255,0.3819798906957086,0.06123304031358067,0.2135516650385684,0.018072160454117855
cardio,0.5,1.4885,7,2.9769,0.0961223375204806,0.7484707236368868,0.04764252985347055,0.44086613945629904,0.04383628577493768,0.20483705390600063,0.015518580809109249
cardio,0.5,1.4885,10,2.9769,0.0961223375204806,0.7695501846257132,0.06122543588112041,0.4537584181238644,0.04266084328602788,0.1985404396885357,0.009235984305039665
cardio,0.5,1.4885,15,2.9769,0.0961223375204806,0.8752414520692466,0.021877657505231688,0.5183156300279526,0.04663299603091442,0.19905446573799454,0.004891701746615177
cardio,0.5,1.4885,20,2.9769,0.0961223375204806,0.8790811873591331,0.026967246257849787,0.5261439250050909,0.059246359359155835,0.19133454889962592,0.003042876461574549
cardio,0.75,2.2327,2,2.9769,0.0961223375204806,0.545620773989354,0.03574739184779655,0.2291294004791225,0.0478922916762436,0.22644629848482176,0.05386396072554482
cardio,0.75,2.2327,3,2.9769,0.0961223375204806,0.5963070061861602,0.05943425447224769,0.27774728779459695,0.04404431723662263,0.263319924588412,0.048658410866991894
cardio,0.75,2.2327,5,2.9769,0.0961223375204806,0.6799937658850045,0.04209401035511294,0.3449277718255292,0.057957399414418624,0.32113518952055975,0.02622869506674274
cardio,0.75,2.2327,7,2.9769,0.0961223375204806,0.7156140603270512,0.06239085756998757,0.3751657381811004,0.044145571457033544,0.3121080430689146,0.02849348576846087
cardio,0.75,2.2327,10,2.9769,0.0961223375204806,0.7536800460365415,0.04723453909224245,0.4750263319041901,0.04647230665862355,0.28466209439960055,0.024537255649671342
cardio,0.75,2.2327,15,2.9769,0.0961223375204806,0.779405361338896,0.04459422843002402,0.49551833524926686,0.04059896619161432,0.26059811403937794,0.02294069672593017
cardio,0.75,2.2327,20,2.9769,0.0961223375204806,0.8142080276219248,0.029058745817532993,0.4964174911172311,0.03709671499411068,0.26645772191072437,0.023487316922405757
cardio,1.0,2.9769,2,2.9769,0.0961223375204806,0.5412333956744833,0.016875133225770785,0.21479819651802723,0.03449188726919991,0.23025578652513637,0.05317301039045913
cardio,1.0,2.9769,3,2.9769,0.0961223375204806,0.5729928547451205,0.0298241447464247,0.26530608070951817,0.028902894745690404,0.291534965034965,0.05795158563885553
cardio,1.0,2.9769,5,2.9769,0.0961223375204806,0.6252198724404162,0.039988943507149564,0.3296749467490094,0.05419740810621288,0.35779407535231517,0.06158849575839565
cardio,1.0,2.9769,7,2.9769,0.0961223375204806,0.651523521795425,0.022642917886447678,0.3460004627878652,0.04156517277026672,0.4103345981058043,0.052201094124597065
cardio,1.0,2.9769,10,2.9769,0.0961223375204806,0.6721665947345706,0.028247252426114953,0.3553286657165985,0.0463456229951545,0.4230235570108988,0.06303586928158515
cardio,1.0,2.9769,15,2.9769,0.0961223375204806,0.7281139404402245,0.03556152704278917,0.4371684192725821,0.03571339559288559,0.46516071510339696,0.05329170545184908
cardio,1.0,2.9769,20,2.9769,0.0961223375204806,0.752647101136527,0.028964652679128757,0.4806087417623801,0.03462900606806238,0.47458204877559707,0.03483585895881096
cardio,1.5,4.4654,2,2.9769,0.0961223375204806,0.5319651848654869,0.015951181557897952,0.19713988286696,0.0194264628751987,0.07455350086929033,0.053344574955357195
cardio,1.5,4.4654,3,2.9769,0.0961223375204806,0.5350179830240254,0.012873247669038974,0.20169883192361243,0.027299598234761614,0.08371448371448371,0.05245314874917306
cardio,1.5,4.4654,5,2.9769,0.0961223375204806,0.5553325660576415,0.024857294224203,0.26904894638312216,0.044918146428890894,0.19843830965782183,0.02690473617950298
cardio,1.5,4.4654,7,2.9769,0.0961223375204806,0.5688495660096868,0.022997259468364978,0.29186784665927235,0.04219939981319318,0.22872616134102236,0.027293471507459324
cardio,1.5,4.4654,10,2.9769,0.0961223375204806,0.5727631515849037,0.02077305689478488,0.2948163095674229,0.03972318873423795,0.24266075388026603,0.036856110339489025
cardio,1.5,4.4654,15,2.9769,0.0961223375204806,0.5760921689924711,0.02410872815377341,0.29076190318626216,0.050645899872041836,0.28092880608078175,0.06824251106867271
cardio,1.5,4.4654,20,2.9769,0.0961223375204806,0.5898388721047331,0.023905310541197773,0.3047055205268435,0.044242727930312274,0.2872321260520018,0.06802432009290836
cardio,2.0,5.9539,2,2.9769,0.0961223375204806,0.5292212151728768,0.016363790858224016,0.18903892274865777,0.024197246472400832,0.05378536431168011,0.04772795434768256
cardio,2.0,5.9539,3,2.9769,0.0961223375204806,0.5323459454275165,0.015619512782314214,0.19738239724283815,0.01879174265928649,0.06489647542279121,0.03970584930046154
cardio,2.0,5.9539,5,2.9769,0.0961223375204806,0.5379648012276411,0.016856152765774974,0.23142711839463517,0.02468444243690983,0.11559373138320508,0.037637776838729015
cardio,2.0,5.9539,7,2.9769,0.0961223375204806,0.5460432551671223,0.015821701803873725,0.24636769415634255,0.02396737372352855,0.1448221906116643,0.034461977691538026
cardio,2.0,5.9539,10,2.9769,0.0961223375204806,0.5567712079796672,0.02332400204645438,0.2689489451043175,0.03290696717453223,0.15384658085556674,0.04008540293631582
cardio,2.0,5.9539,15,2.9769,0.0961223375204806,0.5554615642833165,0.02382630641617446,0.27181369196582394,0.038030589524893625,0.21692486375413203,0.04634499873877571
cardio,2.0,5.9539,20,2.9769,0.0961223375204806,0.562407327482856,0.02160775617531111,0.27286881270779273,0.037428647484251835,0.22504821327283037,0.03609180636877703
cardio,3.0,8.9308,2,2.9769,0.0961223375204806,0.5249398168129287,0.020170384402791355,0.1679296988541375,0.023318221296634866,0.0,0.0
cardio,3.0,8.9308,3,2.9769,0.0961223375204806,0.5249398168129287,0.020170384402791355,0.1679296988541375,0.023318221296634866,0.0,0.0
cardio,3.0,8.9308,5,2.9769,0.0961223375204806,0.5270728432359852,0.021935575780571596,0.18526203604292701,0.03638077512200726,0.020512820512820513,0.041025641025641026
cardio,3.0,8.9308,7,2.9769,0.0961223375204806,0.5305255838488467,0.021119781720779402,0.20356030030265498,0.029255248941756896,0.06375606375606375,0.052095955474244254
cardio,3.0,8.9308,10,2.9769,0.0961223375204806,0.5305255838488467,0.021119781720779402,0.20356030030265498,0.029255248941756896,0.06375606375606375,0.052095955474244254
cardio,3.0,8.9308,15,2.9769,0.0961223375204806,0.5305255838488467,0.021119781720779402,0.20356030030265498,0.029255248941756896,0.06375606375606375,0.052095955474244254
cardio,3.0,8.9308,20,2.9769,0.0961223375204806,0.5303529468182037,0.021413477167355754,0.20327393390433618,0.02966628512297315,0.06375606375606375,0.052095955474244254
mammography,0.25,0.1199,2,0.4798,0.023249575248144506,0.8176601403495877,0.021348397677593906,0.1418634596763826,0.04597337180140849,0.08108227822122578,0.000600287607658389
mammography,0.25,0.1199,3,0.4798,0.023249575248144506,0.8303306399198407,0.050453222213586855,0.2572636359863793,0.12545559677884743,0.07918466071792242,0.0012075277575017487
mammography,0.25,0.1199,5,0.4798,0.023249575248144506,0.8715104876933781,0.018153300166804366,0.31210845502438095,0.06717811009426898,0.07620736154545396,0.0011686650914063445
mammography,0.25,0.1199,7,0.4798,0.023249575248144506,0.8989687663008821,0.030676050073772897,0.3292172578762092,0.08369950848652556,0.07440318430261306,0.0010633141378838422
mammography,0.25,0.1199,10,0.4798,0.023249575248144506,0.8991737769945832,0.026175631720318008,0.3176307071579593,0.06261781925458779,0.07291808790110814,0.001240449830935287
mammography,0.25,0.1199,15,0.4798,0.023249575248144506,0.8956247328186686,0.026347690630061857,0.28686779231583887,0.05110587264084615,0.07078498798730919,0.0012748532444154515
mammography,0.25,0.1199,20,0.4798,0.023249575248144506,0.8945862904624565,0.025448699546517312,0.27840318531808717,0.05109526654742741,0.06967655267168325,0.001163084334826434
mammography,0.5,0.2399,2,0.4798,0.023249575248144506,0.8204829155471648,0.017418291174818277,0.16821128092294033,0.04113160647554137,0.1142441832437204,0.004010878832830007
mammography,0.5,0.2399,3,0.4798,0.023249575248144506,0.8316621604500061,0.01813234984350066,0.18476584389631837,0.043174949383313156,0.11141803013288958,0.0047678890481369154
mammography,0.5,0.2399,5,0.4798,0.023249575248144506,0.8574285187176844,0.014277359737144397,0.23488894865702553,0.0471431081940928,0.1035193427559391,0.0035685897914450905
mammography,0.5,0.2399,7,0.4798,0.023249575248144506,0.8553897986218442,0.016462223745308924,0.23464171789564753,0.0545049875255708,0.09585985599888727,0.002874571550533569
mammography,0.5,0.2399,10,0.4798,0.023249575248144506,0.8532465223710162,0.020730315976520294,0.2313293981517235,0.056944922922459444,0.0890529427107815,0.0036195147001869105
mammography,0.5,0.2399,15,0.4798,0.023249575248144506,0.8633046324971161,0.021756478381835375,0.24996384068375388,0.06674004752982735,0.08539176161953024,0.002133939600987595
mammography,0.5,0.2399,20,0.4798,0.023249575248144506,0.8639591348773272,0.018951377649341457,0.24804377905246056,0.05039279496327749,0.08192619752187669,0.0016253087931337126
mammography,0.75,0.3598,2,0.4798,0.023249575248144506,0.8188692386355649,0.01946673839416141,0.17229738139502865,0.03617225987849663,0.15960217256401596,0.014305161544265612
mammography,0.75,0.3598,3,0.4798,0.023249575248144506,0.8277047471392656,0.0175672931156117,0.18820359132693049,0.039889515810465424,0.14886617690162535,0.011342610731820909
mammography,0.75,0.3598,5,0.4798,0.023249575248144506,0.8316542739663669,0.01904734854254577,0.19513502088477302,0.048394008394746155,0.14361313302142342,0.011352957864649826
mammography,0.75,0.3598,7,0.4798,0.023249575248144506,0.8508801823506541,0.01837153849229138,0.20761320328841784,0.05436273940354818,0.144591733262526,0.009984264084768798
mammography,0.75,0.3598,10,0.4798,0.023249575248144506,0.8577269292345864,0.0179079885461461,0.2185111473591251,0.04829449179147305,0.13732189987723867,0.00957453497411971
mammography,0.75,0.3598,15,0.4798,0.023249575248144506,0.8529574394243905,0.018884334651279013,0.20893561469741434,0.04978679589917948,0.12266078062957002,0.00966756115478066
mammography,0.75,0.3598,20,0.4798,0.023249575248144506,0.8504918989653192,0.018944005897705146,0.20233363724963657,0.04695016057952305,0.11485295678365806,0.00724591251870596
mammography,1.0,0.4798,2,0.4798,0.023249575248144506,0.814253476823007,0.019596484730920898,0.1805513194162917,0.0392983094960469,0.19843665528043908,0.024785380394184722
mammography,1.0,0.4798,3,0.4798,0.023249575248144506,0.8194780042465309,0.019105861802442788,0.1734385912890925,0.03864211147916717,0.18922238824298274,0.023493086536638494
mammography,1.0,0.4798,5,0.4798,0.023249575248144506,0.8224425451330925,0.018785117142495568,0.20013664607479523,0.04624568435617231,0.18367080969938535,0.019892582591768907
mammography,1.0,0.4798,7,0.4798,0.023249575248144506,0.8338120634426304,0.020229584421806064,0.19043567126727995,0.03886372169207916,0.18163538589621292,0.01694349173425123
mammography,1.0,0.4798,10,0.4798,0.023249575248144506,0.8488111607485397,0.019428868400744738,0.2041311913465996,0.052720676068102976,0.18149582411940435,0.013176683466506859
mammography,1.0,0.4798,15,0.4798,0.023249575248144506,0.8567788264074128,0.015488517769175024,0.2279041638718934,0.051958618693121794,0.17912060087899678,0.015646227943411938
mammography,1.0,0.4798,20,0.4798,0.023249575248144506,0.8539072879974571,0.01663107940840187,0.20452863472733882,0.04354144557860599,0.16154063840831495,0.011476836069894074
mammography,1.5,0.7197,2,0.4798,0.023249575248144506,0.811148508169059,0.02302741167900685,0.17796384931818396,0.043651159845284664,0.2156018223832922,0.059432246608936756
mammography,1.5,0.7197,3,0.4798,0.023249575248144506,0.811618542593943,0.02323075034233922,0.1725158930111593,0.04251457560355744,0.20436690021343423,0.06028243414208917
mammography,1.5,0.7197,5,0.4798,0.023249575248144506,0.8136409738973107,0.021523720449407327,0.17167988999678152,0.04024070943505196,0.23068972291750284,0.06003706655705658
mammography,1.5,0.7197,7,0.4798,0.023249575248144506,0.8166707666709867,0.02084286043882436,0.18209396303147607,0.04142338070135483,0.2444221265975111,0.04878143027819876
mammography,1.5,0.7197,10,0.4798,0.023249575248144506,0.8186020041098372,0.0211481142809695,0.18751340727336616,0.04144594092601098,0.24998177261335158,0.04515883530233655
mammography,1.5,0.7197,15,0.4798,0.023249575248144506,0.8169363408843694,0.020785455869216804,0.17933208312991955,0.03952494965231302,0.23471970000631354,0.046237549545151364
mammography,1.5,0.7197,20,0.4798,0.023249575248144506,0.8159430944869248,0.020236862226705215,0.17082170820355053,0.03811312538739843,0.2182570059151548,0.045452059147007236
mammography,2.0,0.9596,2,0.4798,0.023249575248144506,0.8095656179618069,0.023379824156591057,0.17728424598576017,0.050313737309029195,0.21524478973060876,0.05863029398211577
mammography,2.0,0.9596,3,0.4798,0.023249575248144506,0.8106501621947846,0.02435248721929012,0.1778227918481098,0.048717672824664555,0.23812896970791705,0.06092927060431103
mammography,2.0,0.9596,5,0.4798,0.023249575248144506,0.8114303332940016,0.023681043505998263,0.16587569540594932,0.04174835248056181,0.22365550208687462,0.053507949707258994
mammography,2.0,0.9596,7,0.4798,0.023249575248144506,0.8117330098464581,0.02343162813738138,0.16969599569185886,0.04009752441810845,0.24009376327969453,0.04939355558396721
mammography,2.0,0.9596,10,0.4798,0.023249575248144506,0.813289210935752,0.022644050132209763,0.17567555256549966,0.04290109629564015,0.26136777770533454,0.07262929982056382
mammography,2.0,0.9596,15,0.4798,0.023249575248144506,0.8164098727652679,0.019042956766163903,0.17269443008411955,0.03592176860176485,0.25993470221445825,0.051354330220958276
mammography,2.0,0.9596,20,0.4798,0.023249575248144506,0.8190316083171654,0.021278781997477566,0.18185117349693186,0.04258854843461618,0.2731454084257823,0.05403992463154168
mammography,3.0,1.4393,2,0.4798,0.023249575248144506,0.8095585608283639,0.02331239358486916,0.16905702810940768,0.04658756457534923,0.13668146840081571,0.05128757909605419
mammography,3.0,1.4393,3,0.4798,0.023249575248144506,0.8095656308574368,0.023493491770526714,0.1715744981128932,0.05233372105928714,0.18114292965099416,0.03528977928415129
mammography,3.0,1.4393,5,0.4798,0.023249575248144506,0.8098650222481855,0.02407864019710812,0.1655572207797073,0.04704820803849837,0.1915135712349134,0.04756315786770261
mammography,3.0,1.4393,7,0.4798,0.023249575248144506,0.8107099793798879,0.024151919977867004,0.16472121159906083,0.04269435272912343,0.19664544492578237,0.05676032296024463
mammography,3.0,1.4393,10,0.4798,0.023249575248144506,0.8106360382561755,0.024016290959993303,0.16535188331490347,0.04162978653390887,0.21029201129212582,0.04821729917594464
mammography,3.0,1.4393,15,0.4798,0.023249575248144506,0.8105566035941412,0.023603182578740497,0.1626966617698656,0.03515074728784783,0.21614386963605564,0.039003174281032664
mammography,3.0,1.4393,20,0.4798,0.023249575248144506,0.8104916007538785,0.023388714666918598,0.16367164905717066,0.035649937294777195,0.23131252410728206,0.044250582698890366
satellite,0.25,0.5222,2,2.0889,0.3163947163947164,0.5,0.0,0.3163947163947164,0.00031080031080030766,0.4806987702562924,0.00035857947362372133
satellite,0.25,0.5222,3,2.0889,0.3163947163947164,0.5,0.0,0.3163947163947164,0.00031080031080030766,0.4806987702562924,0.00035857947362372133
satellite,0.25,0.5222,5,2.0889,0.3163947163947164,0.5,0.0,0.3163947163947164,0.00031080031080030766,0.4806987702562924,0.00035857947362372133
satellite,0.25,0.5222,7,2.0889,0.3163947163947164,0.5,0.0,0.3163947163947164,0.00031080031080030766,0.4806987702562924,0.00035857947362372133
satellite,0.25,0.5222,10,2.0889,0.3163947163947164,0.5,0.0,0.3163947163947164,0.00031080031080030766,0.4806987702562924,0.00035857947362372133
satellite,0.25,0.5222,15,2.0889,0.3163947163947164,0.5,0.0,0.3163947163947164,0.00031080031080030766,0.4806987702562924,0.00035857947362372133
satellite,0.25,0.5222,20,2.0889,0.3163947163947164,0.5,0.0,0.3163947163947164,0.00031080031080030766,0.4806987702562924,0.00035857947362372133
satellite,0.5,1.0445,2,2.0889,0.3163947163947164,0.6486368241757814,0.009779873305039313,0.5318291701751223,0.010867679227968061,0.4940066793332386,0.007877851103857806
satellite,0.5,1.0445,3,2.0889,0.3163947163947164,0.6547575468362185,0.01718053897463979,0.522538341360574,0.022294579753747015,0.5019275533004889,0.008189959990005302
satellite,0.5,1.0445,5,2.0889,0.3163947163947164,0.6725761947593545,0.013804463159055569,0.5369364334440047,0.014266354427554641,0.5140650747748828,0.005862404988999285
satellite,0.5,1.0445,7,2.0889,0.3163947163947164,0.691228527025784,0.01486815865568738,0.5545320040626038,0.018273290029230997,0.5180011629933385,0.0025078947858172634
satellite,0.5,1.0445,10,2.0889,0.3163947163947164,0.7674651695702598,0.014131731385904647,0.7020571220493326,0.015420629273641209,0.5203657201330328,0.002043792924301773
satellite,0.5,1.0445,15,2.0889,0.3163947163947164,0.7720339996550962,0.01807245154230873,0.6980652955280163,0.01798563479869444,0.5175045067781764,0.002790416496985486
satellite,0.5,1.0445,20,2.0889,0.3163947163947164,0.7690009484730334,0.01727663174088703,0.693522918984806,0.014404612148690604,0.5101248235013668,0.003314404061890193
satellite,0.75,1.5667,2,2.0889,0.3163947163947164,0.640087564497504,0.014640374925328334,0.5107940317618211,0.018212936129856236,0.4231857270809914,0.026631242746162777
satellite,0.75,1.5667,3,2.0889,0.3163947163947164,0.6473238824247203,0.013411160529516623,0.5351865265215862,0.017201848858845122,0.454766061351917,0.01656714016843982
satellite,0.75,1.5667,5,2.0889,0.3163947163947164,0.6525027471427883,0.014997758352373864,0.550713202027232,0.015816224798851055,0.47119514471501595,0.01719405062097307
satellite,0.75,1.5667,7,2.0889,0.3163947163947164,0.6584955032732953,0.015796966316362886,0.5540557241675772,0.01663415168350002,0.4893329843241524,0.016763046310510746
satellite,0.75,1.5667,10,2.0889,0.3163947163947164,0.660987165070865,0.01580613542960928,0.5538294931473166,0.016909013226153336,0.4967987209185328,0.01850627926356516
satellite,0.75,1.5667,15,2.0889,0.3163947163947164,0.6749105836537167,0.01658363921017015,0.566084915812931,0.020842158347584565,0.5076231959164395,0.0216771118411642
satellite,0.75,1.5667,20,2.0889,0.3163947163947164,0.685287981306853,0.014684119883458396,0.579681964015273,0.017384377640791548,0.5141380807315933,0.018134922426476806
satellite,1.0,2.0889,2,2.0889,0.3163947163947164,0.6311004525359072,0.015857765313772212,0.48152653311779436,0.02229278848417965,0.19479433615288366,0.020148737628079023
satellite,1.0,2.0889,3,2.0889,0.3163947163947164,0.6331812122882281,0.016193654994112065,0.48880200547292646,0.02347582367655005,0.22585094792896226,0.020746701352293825
satellite,1.0,2.0889,5,2.0889,0.3163947163947164,0.639640940403155,0.015332737810379974,0.5188801545223091,0.020449311795310447,0.30572935231745957,0.017810287299965408
satellite,1.0,2.0889,7,2.0889,0.3163947163947164,0.6447110939645754,0.014413549528930822,0.5407823484130232,0.017541418933205963,0.3455277090953496,0.015407698769688897
satellite,1.0,2.0889,10,2.0889,0.3163947163947164,0.6460304991120728,0.013687586872707143,0.5439867143094622,0.016264119264481465,0.37099908151646116,0.005676141313737644
satellite,1.0,2.0889,15,2.0889,0.3163947163947164,0.6493512507830552,0.014714997450310883,0.5479077116494097,0.017151242085519713,0.386762874967689,0.012371323395917226
satellite,1.0,2.0889,20,2.0889,0.3163947163947164,0.6528853735974431,0.015924944580386152,0.5493461579814163,0.016966870737907695,0.39625143272157926,0.011630816662162528
satellite,1.5,3.1334,2,2.0889,0.3163947163947164,0.6295896422263435,0.015516758436771513,0.47846680650788614,0.023404830004551205,0.02699861420002687,0.013659044118686937
satellite,1.5,3.1334,3,2.0889,0.3163947163947164,0.6295070909343325,0.015418460014834939,0.47562970572122526,0.020059649040249847,0.02888942305855984,0.014392410006840477
satellite,1.5,3.1334,5,2.0889,0.3163947163947164,0.629754917518875,0.015463178426107772,0.47733463442248103,0.020835672738934247,0.03551354126593996,0.01217414039405567
satellite,1.5,3.1334,7,2.0889,0.3163947163947164,0.6309649500728783,0.015230201063439319,0.4824322346455072,0.020528432644210035,0.04303196374337936,0.012208226358346874
satellite,1.5,3.1334,10,2.0889,0.3163947163947164,0.6337989860688845,0.015378184654826292,0.49502166152177446,0.021804945224488288,0.07240794999763146,0.016023789835180494
satellite,1.5,3.1334,15,2.0889,0.3163947163947164,0.6367249010987489,0.015306289270532448,0.5131597249250939,0.019994904108037243,0.1269510822234336,0.01327384126864607
satellite,1.5,3.1334,20,2.0889,0.3163947163947164,0.637871619497799,0.015380174078686908,0.52122343764478,0.019872237719297452,0.17335716099793824,0.009165137812785003
satellite,2.0,4.1778,2,2.0889,0.3163947163947164,0.6295902006359928,0.01553596982110264,0.4781939846967786,0.024086217166292556,0.001958387266887195,0.002398527755779096
satellite,2.0,4.1778,3,2.0889,0.3163947163947164,0.6295902006359928,0.01553596982110264,0.4781939846967786,0.024086217166292556,0.001958387266887195,0.002398527755779096
satellite,2.0,4.1778,5,2.0889,0.3163947163947164,0.6295907590456421,0.0155356514300691,0.47827588477867866,0.02404009925932173,0.001958387266887195,0.002398527755779096
satellite,2.0,4.1778,7,2.0889,0.3163947163947164,0.6295924357444498,0.01553420743379497,0.47820241785149664,0.023736209780210994,0.001958387266887195,0.002398527755779096
satellite,2.0,4.1778,10,2.0889,0.3163947163947164,0.6295768002742689,0.015547258642971983,0.47843862451524616,0.02371877828671389,0.001958387266887195,0.002398527755779096
satellite,2.0,4.1778,15,2.0889,0.3163947163947164,0.6303769843983564,0.015515361160907074,0.4826028570113626,0.02332956746356173,0.00293877942374994,0.0023995073425773263
satellite,2.0,4.1778,20,2.0889,0.3163947163947164,0.6315751426288285,0.015843703222807936,0.4888372840814519,0.023284619565811748,0.004894769643798839,0.003092697661802496
satellite,3.0,6.2667,2,2.0889,0.3163947163947164,0.6295902006359928,0.01553596982110264,0.4781939846967786,0.024086217166292556,0.0,0.0
satellite,3.0,6.2667,3,2.0889,0.3163947163947164,0.6295902006359928,0.01553596982110264,0.4781939846967786,0.024086217166292556,0.0,0.0
satellite,3.0,6.2667,5,2.0889,0.3163947163947164,0.6295902006359928,0.01553596982110264,0.4781939846967786,0.024086217166292556,0.0,0.0
satellite,3.0,6.2667,7,2.0889,0.3163947163947164,0.6295902006359928,0.01553596982110264,0.4781939846967786,0.024086217166292556,0.0,0.0
satellite,3.0,6.2667,10,2.0889,0.3163947163947164,0.6295902006359928,0.01553596982110264,0.4781939846967786,0.024086217166292556,0.0,0.0
satellite,3.0,6.2667,15,2.0889,0.3163947163947164,0.6295902006359928,0.01553596982110264,0.4781939846967786,0.024086217166292556,0.0,0.0
satellite,3.0,6.2667,20,2.0889,0.3163947163947164,0.6295902006359928,0.01553596982110264,0.4781939846967786,0.024086217166292556,0.0,0.0
shuttle,0.25,0.02,2,0.0798,0.0715114976475141,0.6151207068030905,0.008944311084442479,0.16608844676560477,0.014160909240864068,0.16657047500371008,0.004854855649817778
shuttle,0.25,0.02,3,0.0798,0.0715114976475141,0.6313066473953869,0.010115399406354468,0.1740319847277524,0.01565129146330589,0.16081679909642926,0.003624127846128219
shuttle,0.25,0.02,5,0.0798,0.0715114976475141,0.6583809090174163,0.009504155549922686,0.18540394455458734,0.017639784701652235,0.15321587284820032,0.002245737209740298
shuttle,0.25,0.02,7,0.0798,0.0715114976475141,0.7241635114273646,0.010389133687533683,0.21390761506581174,0.01872526309867503,0.14739950224759485,0.0006959626972107473
shuttle,0.25,0.02,10,0.0798,0.0715114976475141,0.8093809100989844,0.021364144973073526,0.39244336327046625,0.038370940485452185,0.13873039169200982,0.00036402927139107295
shuttle,0.25,0.02,15,0.0798,0.0715114976475141,0.99219838354381,0.0016352844649220153,0.9195749228101731,0.013664043392729768,0.13403325800740867,0.00011992570569899992
shuttle,0.25,0.02,20,0.0798,0.0715114976475141,0.6965751495438661,0.2407585776141698,0.4074857267028323,0.41161780460028735,0.13348287046063403,7.14098676800544e-05
shuttle,0.5,0.0399,2,0.0798,0.0715114976475141,0.6050212296008384,0.01172958806931787,0.1626970803441819,0.01665006465123277,0.19135497001304952,0.013983969875096711
shuttle,0.5,0.0399,3,0.0798,0.0715114976475141,0.6101020467356134,0.010016433311325627,0.17125618956701255,0.012887160193880153,0.19050568020796604,0.009400015369917445
shuttle,0.5,0.0399,5,0.0798,0.0715114976475141,0.6259185963759547,0.013118310531025083,0.17619010600061824,0.018713616809206753,0.1853258749388392,0.009255109092019835
shuttle,0.5,0.0399,7,0.0798,0.0715114976475141,0.6384746093965402,0.014470776232551755,0.17392227492408455,0.022082309641593207,0.178244335358462,0.005733687623579308
shuttle,0.5,0.0399,10,0.0798,0.0715114976475141,0.6824655932178242,0.01697709431406602,0.17821482633807792,0.0171124000027845,0.17570051170446047,0.003031199723391299
shuttle,0.5,0.0399,15,0.0798,0.0715114976475141,0.7365122833776668,0.012343180552153568,0.1768495938003284,0.015219374433529486,0.16329672886435742,0.0025737004612556855
shuttle,0.5,0.0399,20,0.0798,0.0715114976475141,0.7885318136225148,0.021241282930394022,0.252811991384128,0.08573417303844172,0.15322238911275357,0.0012281558891375666
shuttle,0.75,0.0599,2,0.0798,0.0715114976475141,0.6027768970484194,0.012966154877495936,0.16154726026992722,0.01635267428181931,0.20212196625556503,0.019157684859715685
shuttle,0.75,0.0599,3,0.0798,0.0715114976475141,0.6048294486712734,0.011692878367274607,0.17006938044471404,0.01556768371207922,0.2054467720275035,0.014169736079951095
shuttle,0.75,0.0599,5,0.0798,0.0715114976475141,0.6137130242512849,0.012016178463810387,0.17406469838376976,0.016268461286392075,0.20496517208951248,0.01038038479062865
shuttle,0.75,0.0599,7,0.0798,0.0715114976475141,0.6278180605946335,0.015946984301025115,0.17895193281433786,0.020505805461484845,0.20494250024450794,0.010095551924382802
shuttle,0.75,0.0599,10,0.0798,0.0715114976475141,0.6459394937287193,0.011410524693517523,0.1744495859294544,0.019009590884976047,0.19860375717852347,0.008334901885465863
shuttle,0.75,0.0599,15,0.0798,0.0715114976475141,0.6905645586290078,0.008234958431326123,0.1665966473508999,0.018944941164314024,0.1932342576641788,0.004172108073798355
shuttle,0.75,0.0599,20,0.0798,0.0715114976475141,0.737197308212566,0.017743663061850337,0.17951000036003023,0.01780273031577188,0.18352459087703438,0.004857364442041429
shuttle,1.0,0.0798,2,0.0798,0.0715114976475141,0.6020476001478849,0.013083690159478727,0.159849799771585,0.015687721750373227,0.20129055976410762,0.015594749478651452
shuttle,1.0,0.0798,3,0.0798,0.0715114976475141,0.6039564924974823,0.013221378392854023,0.1682592941239381,0.01733455871187154,0.21137109974801443,0.017934778136575753
shuttle,1.0,0.0798,5,0.0798,0.0715114976475141,0.6121179541022983,0.012748721195420573,0.17333047302924087,0.01637118378581045,0.21508295185073875,0.011195668232865108
shuttle,1.0,0.0798,7,0.0798,0.0715114976475141,0.620912262313956,0.011975997663530873,0.17920193392090605,0.017038642855931894,0.2151621222013184,0.007836680264639226
shuttle,1.0,0.0798,10,0.0798,0.0715114976475141,0.633358927359272,0.013977815460440279,0.17693830333495514,0.020395221555709494,0.21285561322879185,0.014098006145119413
shuttle,1.0,0.0798,15,0.0798,0.0715114976475141,0.6651450518253729,0.009348316557140914,0.16693085912104957,0.01662077046416271,0.21106675962286575,0.008253018981318489
shuttle,1.0,0.0798,20,0.0798,0.0715114976475141,0.7141026420867216,0.006714491831431446,0.1685976321241387,0.01149769985494414,0.21893415439681677,0.006312575050860989
shuttle,1.5,0.1197,2,0.0798,0.0715114976475141,0.6002549874698845,0.013184160814983033,0.15336421320958188,0.016250434920024332,0.15129168363589685,0.02204105233306402
shuttle,1.5,0.1197,3,0.0798,0.0715114976475141,0.6015926738090835,0.012938799359637921,0.15992859271203083,0.014831469254818364,0.17888868191511403,0.018275000926079095
shuttle,1.5,0.1197,5,0.0798,0.0715114976475141,0.6027490824723241,0.013565839783099031,0.16682609154302472,0.016106556758705814,0.19264090776019066,0.01310396739256335
shuttle,1.5,0.1197,7,0.0798,0.0715114976475141,0.6046928964208776,0.0134156178937125,0.16936345762744692,0.017302542197119006,0.19886875002886412,0.014019800199855607
shuttle,1.5,0.1197,10,0.0798,0.0715114976475141,0.6156902823339588,0.014697161917078153,0.1783312814886171,0.019155942782653403,0.21466045634466066,0.023440934504085315
shuttle,1.5,0.1197,15,0.0798,0.0715114976475141,0.6251035641565383,0.016968295390837024,0.17651146659510614,0.020872682264466678,0.2286841114538371,0.02242525593099645
shuttle,1.5,0.1197,20,0.0798,0.0715114976475141,0.6586679874216828,0.015418248599541117,0.1772887386679273,0.01985562412195207,0.24072576092488776,0.016124258265485414
shuttle,2.0,0.1597,2,0.0798,0.0715114976475141,0.598979408029607,0.013501718484587645,0.14841625188835164,0.016919833213446932,0.10016348667074174,0.023785517769651963
shuttle,2.0,0.1597,3,0.0798,0.0715114976475141,0.5997979673592814,0.013254498576250832,0.1528361544376842,0.01646886980613397,0.12318158649261095,0.020417814973878727
shuttle,2.0,0.1597,5,0.0798,0.0715114976475141,0.6009664277597438,0.013394490152044072,0.16094334550693323,0.01610535771590127,0.15656753294532905,0.02098628420712403
shuttle,2.0,0.1597,7,0.0798,0.0715114976475141,0.6015360390823534,0.012939699998924296,0.1642428800008679,0.01618809143893127,0.1677611361510431,0.016596834682746243
shuttle,2.0,0.1597,10,0.0798,0.0715114976475141,0.6029192439306217,0.013562646293516153,0.16750665689692928,0.01739222823324481,0.17407791163305855,0.01786409090481745
shuttle,2.0,0.1597,15,0.0798,0.0715114976475141,0.6077455604954348,0.014560056907282492,0.1705913017280609,0.01849225584152238,0.17858828144690916,0.017301531805451215
shuttle,2.0,0.1597,20,0.0798,0.0715114976475141,0.6104471137954801,0.012662268853601152,0.16601947183055338,0.017367102218741815,0.17243542782891313,0.017886284329084873
shuttle,3.0,0.2395,2,0.0798,0.0715114976475141,0.5985073410804008,0.013364980967914135,0.14593798170018388,0.015415152632529145,0.06862688364514431,0.017425863260457055
shuttle,3.0,0.2395,3,0.0798,0.0715114976475141,0.5990791039375021,0.013534672837612848,0.14911451653562527,0.016460380378832747,0.08866418489093564,0.017532818205111458
shuttle,3.0,0.2395,5,0.0798,0.0715114976475141,0.6001225087356857,0.01331524915159703,0.15564109069354531,0.015579027805850642,0.12373016648511845,0.022297793629226247
shuttle,3.0,0.2395,7,0.0798,0.0715114976475141,0.6009392520934871,0.013377437666310214,0.1612364318078469,0.016370767521279854,0.14503069962209011,0.02289215921004442
shuttle,3.0,0.2395,10,0.0798,0.0715114976475141,0.6011292080860967,0.013301209136335174,0.16274628413128864,0.016063364113248386,0.14985846696654118,0.019285436686332993
shuttle,3.0,0.2395,15,0.0798,0.0715114976475141,0.6013576206132394,0.01326416863878203,0.16468411333774285,0.01613427958118724,0.15818168108783337,0.019836201315183294
shuttle,3.0,0.2395,20,0.0798,0.0715114976475141,0.6015201257991578,0.013804977552213108,0.1660849075504285,0.01808501316130729,0.16463882899831206,0.026804131333336964
fcps_target,0.25,0.0481,2,0.1924,0.015584415584415584,1.0,0.0,1.0,0.0,0.054387289181406825,0.013521628712957664
fcps_target,0.25,0.0481,3,0.1924,0.015584415584415584,1.0,0.0,1.0,0.0,0.04538193474218545,0.009583336947266374
fcps_target,0.25,0.0481,5,0.1924,0.015584415584415584,1.0,0.0,1.0,0.0,0.03622124529971245,0.006890410841276511
fcps_target,0.25,0.0481,7,0.1924,0.015584415584415584,1.0,0.0,1.0,0.0,0.03204613724050072,0.006075256721268503
fcps_target,0.25,0.0481,10,0.1924,0.015584415584415584,0.9,0.2,0.8025974025974026,0.3948051948051948,0.030918543821769628,0.006261508963783313
fcps_target,0.25,0.0481,15,0.1924,0.015584415584415584,0.5,0.0,0.015584415584415586,0.003181155510108023,0.030671239588437038,0.006160728734094552
fcps_target,0.25,0.0481,20,0.1924,0.015584415584415584,0.5,0.0,0.015584415584415586,0.003181155510108023,0.030671239588437038,0.006160728734094552
fcps_target,0.5,0.0962,2,0.1924,0.015584415584415584,0.861113047519461,0.09891237451012665,0.584255101194391,0.3172688662653253,0.06307070707070707,0.03674289319010676
fcps_target,0.5,0.0962,3,0.1924,0.015584415584415584,1.0,0.0,1.0,0.0,0.07743506493506494,0.018588335778647144
fcps_target,0.5,0.0962,5,0.1924,0.015584415584415584,1.0,0.0,1.0,0.0,0.06426501845315394,0.014482394451245483
fcps_target,0.5,0.0962,7,0.1924,0.015584415584415584,1.0,0.0,1.0,0.0,0.06228129371463818,0.013246702847925926
fcps_target,0.5,0.0962,10,0.1924,0.015584415584415584,1.0,0.0,1.0,0.0,0.05676286676286676,0.01144541023559662
fcps_target,0.5,0.0962,15,0.1924,0.015584415584415584,1.0,0.0,1.0,0.0,0.03677682673306015,0.007247736258216126
fcps_target,0.5,0.0962,20,0.1924,0.015584415584415584,0.6,0.20000000000000004,0.21168831168831162,0.394163867352391,0.030820135278734,0.0063474553779903015
fcps_target,0.75,0.1443,2,0.1924,0.015584415584415584,0.8905454862321365,0.07269491257077886,0.5885181002572306,0.3138190282699713,0.1909035409035409,0.11741556850693895
fcps_target,0.75,0.1443,3,0.1924,0.015584415584415584,1.0,0.0,1.0,0.0,0.20734632683658175,0.056816149712147594
fcps_target,0.75,0.1443,5,0.1924,0.015584415584415584,1.0,0.0,1.0,0.0,0.09327559878850257,0.020919956605003627
fcps_target,0.75,0.1443,7,0.1924,0.015584415584415584,1.0,0.0,1.0,0.0,0.06729861104409415,0.014464819388835093
fcps_target,0.75,0.1443,10,0.1924,0.015584415584415584,1.0,0.0,1.0,0.0,0.06266833437565145,0.01447851042012663
fcps_target,0.75,0.1443,15,0.1924,0.015584415584415584,1.0,0.0,1.0,0.0,0.062362191381559996,0.014457742126852535
fcps_target,0.75,0.1443,20,0.1924,0.015584415584415584,1.0,0.0,1.0,0.0,0.06126702735888876,0.013630211866529109
fcps_target,1.0,0.1924,2,0.1924,0.015584415584415584,0.8304868130591379,0.07344034220415588,0.3016190875122009,0.3184961307026918,0.29333333333333333,0.36172426576668104
fcps_target,1.0,0.1924,3,0.1924,0.015584415584415584,1.0,0.0,1.0,0.0,0.6147619047619047,0.18546014356892887
fcps_target,1.0,0.1924,5,0.1924,0.015584415584415584,1.0,0.0,1.0,0.0,0.26818546315113817,0.10171577647713945
fcps_target,1.0,0.1924,7,0.1924,0.015584415584415584,1.0,0.0,1.0,0.0,0.11531112814833747,0.028347135699232837
fcps_target,1.0,0.1924,10,0.1924,0.015584415584415584,1.0,0.0,1.0,0.0,0.07139242986329009,0.01654470488870397
fcps_target,1.0,0.1924,15,0.1924,0.015584415584415584,1.0,0.0,1.0,0.0,0.06304270807839447,0.015396058343785437
fcps_target,1.0,0.1924,20,0.1924,0.015584415584415584,1.0,0.0,1.0,0.0,0.06253850639772221,0.014582564980876043
fcps_target,1.5,0.2885,2,0.1924,0.015584415584415584,0.8304868130591379,0.07344034220415588,0.3016190875122009,0.3184961307026918,0.32,0.39191835884530857
fcps_target,1.5,0.2885,3,0.1924,0.015584415584415584,1.0,0.0,1.0,0.0,0.96,0.07999999999999999
fcps_target,1.5,0.2885,5,0.1924,0.015584415584415584,1.0,0.0,1.0,0.0,0.9199999999999999,0.0979795897113271
fcps_target,1.5,0.2885,7,0.1924,0.015584415584415584,1.0,0.0,1.0,0.0,0.7290476190476192,0.10061488959925512
fcps_target,1.5,0.2885,10,0.1924,0.015584415584415584,1.0,0.0,1.0,0.0,0.3416666666666667,0.07490735018081411
fcps_target,1.5,0.2885,15,0.1924,0.015584415584415584,1.0,0.0,1.0,0.0,0.09885893595778061,0.028259457235681164
fcps_target,1.5,0.2885,20,0.1924,0.015584415584415584,1.0,0.0,1.0,0.0,0.06853277919196572,0.017507622256858788
fcps_target,2.0,0.3847,2,0.1924,0.015584415584415584,0.8304868130591379,0.07344034220415588,0.3016190875122009,0.3184961307026918,0.32,0.39191835884530857
fcps_target,2.0,0.3847,3,0.1924,0.015584415584415584,1.0,0.0,1.0,0.0,1.0,0.0
fcps_target,2.0,0.3847,5,0.1924,0.015584415584415584,1.0,0.0,1.0,0.0,1.0,0.0
fcps_target,2.0,0.3847,7,0.1924,0.015584415584415584,1.0,0.0,1.0,0.0,1.0,0.0
fcps_target,2.0,0.3847,10,0.1924,0.015584415584415584,1.0,0.0,1.0,0.0,0.9314285714285715,0.08590455073355949
fcps_target,2.0,0.3847,15,0.1924,0.015584415584415584,1.0,0.0,1.0,0.0,0.6799999999999999,0.12308948130593153
fcps_target,2.0,0.3847,20,0.1924,0.015584415584415584,1.0,0.0,1.0,0.0,0.14164332399626517,0.04274835711875566
fcps_target,3.0,0.5771,2,0.1924,0.015584415584415584,0.8304868130591379,0.07344034220415588,0.3016190875122009,0.3184961307026918,0.32,0.39191835884530857
fcps_target,3.0,0.5771,3,0.1924,0.015584415584415584,1.0,0.0,1.0,0.0,1.0,0.0
fcps_target,3.0,0.5771,5,0.1924,0.015584415584415584,1.0,0.0,1.0,0.0,1.0,0.0
fcps_target,3.0,0.5771,7,0.1924,0.015584415584415584,1.0,0.0,1.0,0.0,1.0,0.0
fcps_target,3.0,0.5771,10,0.1924,0.015584415584415584,1.0,0.0,1.0,0.0,1.0,0.0
fcps_target,3.0,0.5771,15,0.1924,0.015584415584415584,1.0,0.0,1.0,0.0,1.0,0.0
fcps_target,3.0,0.5771,20,0.1924,0.015584415584415584,1.0,0.0,1.0,0.0,1.0,0.0
graves_fuzzyx,0.25,0.0348,2,0.1392,0.138,0.3010606370970667,0.029459289361621364,0.09735144456821257,0.004664129115076425,0.1777226179683911,0.017501323454981923
graves_fuzzyx,0.25,0.0348,3,0.1392,0.138,0.24025011895693438,0.03104416114175277,0.08960337400591818,0.0033130656061853636,0.19450227954754817,0.016274140435326732
graves_fuzzyx,0.25,0.0348,5,0.1392,0.138,0.03802928723280922,0.01947591162954948,0.07635462811345187,0.0011154305375702543,0.22535468464672004,0.006317615426948794
graves_fuzzyx,0.25,0.0348,7,0.1392,0.138,0.5,0.0,0.138,0.0024494897427831805,0.242522606074658,0.0037862118290179726
graves_fuzzyx,0.25,0.0348,10,0.1392,0.138,0.5,0.0,0.138,0.0024494897427831805,0.242522606074658,0.0037862118290179726
graves_fuzzyx,0.25,0.0348,15,0.1392,0.138,0.5,0.0,0.138,0.0024494897427831805,0.242522606074658,0.0037862118290179726
graves_fuzzyx,0.25,0.0348,20,0.1392,0.138,0.5,0.0,0.138,0.0024494897427831805,0.242522606074658,0.0037862118290179726
graves_fuzzyx,0.5,0.0696,2,0.1392,0.138,0.2879422299606464,0.03753908941173001,0.09496402222795412,0.0031212537971855724,0.03436041477901943,0.024494606835733252
graves_fuzzyx,0.5,0.0696,3,0.1392,0.138,0.2530076722777355,0.028081253996337863,0.09090686024231406,0.0019502009898469705,0.06595489412089961,0.029639506147235137
graves_fuzzyx,0.5,0.0696,5,0.1392,0.138,0.20004359087065096,0.024456920050545353,0.08567759197019412,0.0024370176267813886,0.13326137865587023,0.018343131922987945
graves_fuzzyx,0.5,0.0696,7,0.1392,0.138,0.10592530002396919,0.015547307378227211,0.07934450426500336,0.0010439877402647912,0.14935510858753845,0.008946566489621858
graves_fuzzyx,0.5,0.0696,10,0.1392,0.138,0.02044727451704197,0.006429093569589655,0.07563431759564573,0.0014231915091194015,0.1903182421150355,0.010066899856410207
graves_fuzzyx,0.5,0.0696,15,0.1392,0.138,0.40051380860629415,0.1989723827874117,0.1256611551297292,0.026249217896007086,0.24096321267868906,0.006206810213707684
graves_fuzzyx,0.5,0.0696,20,0.1392,0.138,0.5,0.0,0.138,0.0024494897427831805,0.242522606074658,0.0037862118290179726
graves_fuzzyx,0.75,0.1044,2,0.1392,0.138,0.31116526407728184,0.028776939539326217,0.09805930170916792,0.0032426752634737116,0.0,0.0
graves_fuzzyx,0.75,0.1044,3,0.1392,0.138,0.29654999107378466,0.03132828615907941,0.0959787223045509,0.003470217185568731,0.0,0.0
graves_fuzzyx,0.75,0.1044,5,0.1392,0.138,0.2409115301809212,0.04105894517874183,0.09044116079793212,0.005118267319415355,0.015584415584415584,0.03116883116883117
graves_fuzzyx,0.75,0.1044,7,0.1392,0.138,0.20640431950587884,0.03815190240418857,0.08650380668390253,0.003294778083466309,0.048784459962977554,0.02840995598896378
graves_fuzzyx,0.75,0.1044,10,0.1392,0.138,0.13178459939785386,0.02175515084359831,0.08082089159304043,0.0013676191706854903,0.08839751307545338,0.020562765451958287
graves_fuzzyx,0.75,0.1044,15,0.1392,0.138,0.020600220417064087,0.010784911745925427,0.07564979045735727,0.0015154298930266086,0.14056068421572812,0.022051787760641442
graves_fuzzyx,0.75,0.1044,20,0.1392,0.138,0.10460263760774582,0.19772607411583606,0.08782912305854938,0.02611445789739043,0.20268642222499467,0.025627585658286576
graves_fuzzyx,1.0,0.1392,2,0.1392,0.138,0.32017578954331205,0.02997864403153186,0.0994906655242003,0.0034964031825895025,0.0,0.0
graves_fuzzyx,1.0,0.1392,3,0.1392,0.138,0.3171782970630262,0.03009294397810419,0.09906228096082062,0.0035028023193821424,0.0,0.0
graves_fuzzyx,1.0,0.1392,5,0.1392,0.138,0.2952474215328766,0.025259115732511106,0.0956877520027983,0.002709840521518931,0.0,0.0
graves_fuzzyx,1.0,0.1392,7,0.1392,0.138,0.26180935630962515,0.0281857640743143,0.09184293909839314,0.0026546608256514522,0.0,0.0
graves_fuzzyx,1.0,0.1392,10,0.1392,0.138,0.2056944720054681,0.022482722825971045,0.08648208069641995,0.0018584871393578198,0.005479452054794521,0.01095890410958904
graves_fuzzyx,1.0,0.1392,15,0.1392,0.138,0.11344706789827101,0.011342943995158585,0.0795976521515708,0.0016929384788636694,0.0541973303127987,0.01793859934019034
graves_fuzzyx,1.0,0.1392,20,0.1392,0.138,0.034256289781225926,0.014315997251793753,0.07608112896993177,0.0018602383169366058,0.09635842564235018,0.02915321565126325
graves_fuzzyx,1.5,0.2088,2,0.1392,0.138,0.3247977643208857,0.032263723371108145,0.10039562930657028,0.004067936021531424,0.0,0.0
graves_fuzzyx,1.5,0.2088,3,0.1392,0.138,0.32203526068460875,0.03008309514813821,0.09988325797857292,0.00368045899474254,0.0,0.0
graves_fuzzyx,1.5,0.2088,5,0.1392,0.138,0.3192647465701639,0.031299429622586646,0.0993888320403363,0.0036597029512020047,0.0,0.0
graves_fuzzyx,1.5,0.2088,7,0.1392,0.138,0.316721486431797,0.029989771725804654,0.09895359990492443,0.00351019273015907,0.0,0.0
graves_fuzzyx,1.5,0.2088,10,0.1392,0.138,0.3097179458182281,0.03097635749609189,0.09793852925445902,0.003457181510409698,0.0,0.0
graves_fuzzyx,1.5,0.2088,15,0.1392,0.138,0.26454451229790654,0.029221306645794816,0.09223200032516785,0.0026320052943946464,0.0,0.0
graves_fuzzyx,1.5,0.2088,20,0.1392,0.138,0.18740583909625447,0.0252874287768904,0.08518377380890445,0.0016866332868006998,0.0,0.0
graves_fuzzyx,2.0,0.2784,2,0.1392,0.138,0.3247977643208857,0.032263723371108145,0.10039562930657028,0.004067936021531424,0.0,0.0
graves_fuzzyx,2.0,0.2784,3,0.1392,0.138,0.3247977643208857,0.032263723371108145,0.10039562930657028,0.004067936021531424,0.0,0.0
graves_fuzzyx,2.0,0.2784,5,0.1392,0.138,0.32374666689426734,0.0324739948351896,0.10019969348919985,0.004009993186016451,0.0,0.0
graves_fuzzyx,2.0,0.2784,7,0.1392,0.138,0.3229537629154513,0.031953082661025436,0.10001675151163214,0.003820214699499804,0.0,0.0
graves_fuzzyx,2.0,0.2784,10,0.1392,0.138,0.3193062748093666,0.0313890936993317,0.09944906029282093,0.0037576733554247153,0.0,0.0
graves_fuzzyx,2.0,0.2784,15,0.1392,0.138,0.3151681827007812,0.030690042206254823,0.09873076839229408,0.0035408880287666903,0.0,0.0
graves_fuzzyx,2.0,0.2784,20,0.1392,0.138,0.3032516940249835,0.030040279083759957,0.09695911985385705,0.003111352287548089,0.0,0.0
graves_fuzzyx,3.0,0.4176,2,0.1392,0.138,0.3247977643208857,0.032263723371108145,0.10039562930657028,0.004067936021531424,0.0,0.0
graves_fuzzyx,3.0,0.4176,3,0.1392,0.138,0.3247977643208857,0.032263723371108145,0.10039562930657028,0.004067936021531424,0.0,0.0
graves_fuzzyx,3.0,0.4176,5,0.1392,0.138,0.3247977643208857,0.032263723371108145,0.10039562930657028,0.004067936021531424,0.0,0.0
graves_fuzzyx,3.0,0.4176,7,0.1392,0.138,0.3247977643208857,0.032263723371108145,0.10039562930657028,0.004067936021531424,0.0,0.0
graves_fuzzyx,3.0,0.4176,10,0.1392,0.138,0.3247977643208857,0.032263723371108145,0.10039562930657028,0.004067936021531424,0.0,0.0
graves_fuzzyx,3.0,0.4176,15,0.1392,0.138,0.3247977643208857,0.032263723371108145,0.10039562930657028,0.004067936021531424,0.0,0.0
graves_fuzzyx,3.0,0.4176,20,0.1392,0.138,0.32270459348023534,0.03366779151542607,0.10005329615131794,0.0041320457030111545,0.0,0.0
graves_ring_outliers,0.25,0.0209,2,0.0838,0.02912621359223301,0.43033333333333335,0.0859596158411353,0.029115901301223778,0.004904753784052444,0.055329173681531715,0.015274618127278289
graves_ring_outliers,0.25,0.0209,3,0.0838,0.02912621359223301,0.588,0.1739928159436475,0.10122253062562299,0.10529618737790623,0.06164490185514847,0.009523743991191491
graves_ring_outliers,0.25,0.0209,5,0.0838,0.02912621359223301,1.0,0.0,1.0,0.0,0.05979462980877933,0.0014112182122917854
graves_ring_outliers,0.25,0.0209,7,0.0838,0.02912621359223301,0.9996666666666666,0.000666666666666682,0.9896825396825397,0.02063492063492065,0.05730900692714871,0.0003730716718910753
graves_ring_outliers,0.25,0.0209,10,0.0838,0.02912621359223301,0.7,0.2449489742783178,0.4174757281553398,0.47562907626857825,0.05660377358490566,0.0
graves_ring_outliers,0.25,0.0209,15,0.0838,0.02912621359223301,0.5,0.0,0.029126213592233007,3.469446951953614e-18,0.05660377358490566,0.0
graves_ring_outliers,0.25,0.0209,20,0.0838,0.02912621359223301,0.5,0.0,0.029126213592233007,3.469446951953614e-18,0.05660377358490566,0.0
graves_ring_outliers,0.5,0.0419,2,0.0838,0.02912621359223301,0.4665,0.021540659228538043,0.035089269187263114,0.005059722724186881,0.04094348580148627,0.011682807865893914
graves_ring_outliers,0.5,0.0419,3,0.0838,0.02912621359223301,0.4685,0.0693128976293574,0.031091991908109518,0.004528677179854125,0.05718832196910384,0.01973136980689771
graves_ring_outliers,0.5,0.0419,5,0.0838,0.02912621359223301,0.5783333333333335,0.14878489319969435,0.14849943177278405,0.21027026692318468,0.06232890883626178,0.0149308050941257
graves_ring_outliers,0.5,0.0419,7,0.0838,0.02912621359223301,0.8173333333333334,0.11732599408864554,0.6504313032662224,0.23386775955637795,0.08859025980251174,0.006196671594512794
graves_ring_outliers,0.5,0.0419,10,0.0838,0.02912621359223301,1.0,0.0,1.0,0.0,0.07449977136055405,0.00508769110785855
graves_ring_outliers,0.5,0.0419,15,0.0838,0.02912621359223301,0.9,0.2,0.8058252427184467,0.3883495145631068,0.05803858858784043,0.0008135994002016392
graves_ring_outliers,0.5,0.0419,20,0.0838,0.02912621359223301,0.6,0.2,0.2233009708737864,0.3883495145631068,0.05665742645086293,0.00010730573191451153
graves_ring_outliers,0.75,0.0628,2,0.0838,0.02912621359223301,0.4963333333333333,0.03080223657103129,0.05443417344593151,0.028196873748909914,0.04834368530020704,0.03980543277421203
graves_ring_outliers,0.75,0.0628,3,0.0838,0.02912621359223301,0.46399999999999997,0.025420901286583454,0.035839414031173064,0.006653068937332271,0.033712121212121214,0.028152885115245527
graves_ring_outliers,0.75,0.0628,5,0.0838,0.02912621359223301,0.36983333333333335,0.03158058475287203,0.0253666599117858,0.0012542848304500668,0.018190590415962493,0.009276199622553612
graves_ring_outliers,0.75,0.0628,7,0.0838,0.02912621359223301,0.6646666666666666,0.1867608393403476,0.30940173995265036,0.3438156603353068,0.06903776853274317,0.01686027615214239
graves_ring_outliers,0.75,0.0628,10,0.0838,0.02912621359223301,1.0,0.0,1.0,0.0,0.10645214559653063,0.00815754791302394
graves_ring_outliers,0.75,0.0628,15,0.0838,0.02912621359223301,1.0,0.0,1.0,0.0,0.10039662614929094,0.006434938190187018
graves_ring_outliers,0.75,0.0628,20,0.0838,0.02912621359223301,1.0,0.0,1.0,0.0,0.06994770087135346,0.002685944604767526
graves_ring_outliers,1.0,0.0838,2,0.0838,0.02912621359223301,0.47133333333333327,0.0739493069609175,0.04864230276535462,0.03099042840887534,0.04444444444444444,0.08888888888888888
graves_ring_outliers,1.0,0.0838,3,0.0838,0.02912621359223301,0.47833333333333333,0.06423048774184702,0.04924118479121392,0.030531490121460687,0.03636363636363636,0.07272727272727272
graves_ring_outliers,1.0,0.0838,5,0.0838,0.02912621359223301,0.4328333333333333,0.027661646130819253,0.029595845053391773,0.002498567299531547,0.014814814814814814,0.029629629629629627
graves_ring_outliers,1.0,0.0838,7,0.0838,0.02912621359223301,0.58,0.16978663080466616,0.3229145447798508,0.2625889380036186,0.04787434944770168,0.032015038252025264
graves_ring_outliers,1.0,0.0838,10,0.0838,0.02912621359223301,1.0,0.0,1.0,0.0,0.10773829845595258,0.009194323602915121
graves_ring_outliers,1.0,0.0838,15,0.0838,0.02912621359223301,1.0,0.0,1.0,0.0,0.10773829845595258,0.009194323602915121
graves_ring_outliers,1.0,0.0838,20,0.0838,0.02912621359223301,1.0,0.0,1.0,0.0,0.10749587421352833,0.00884521916178093
graves_ring_outliers,1.5,0.1257,2,0.0838,0.02912621359223301,0.4766666666666667,0.07776745963304818,0.04988023329770312,0.03081150235438207,0.0,0.0
graves_ring_outliers,1.5,0.1257,3,0.0838,0.02912621359223301,0.47650000000000003,0.07789843815293518,0.04983274991688641,0.03084273483196085,0.0,0.0
graves_ring_outliers,1.5,0.1257,5,0.0838,0.02912621359223301,0.4693333333333333,0.0730494505264908,0.048321702286655846,0.031168015161714784,0.0,0.0
graves_ring_outliers,1.5,0.1257,7,0.0838,0.02912621359223301,0.5338333333333333,0.14301087759716433,0.16816860851072177,0.2583681678381418,0.06666666666666667,0.13333333333333333
graves_ring_outliers,1.5,0.1257,10,0.0838,0.02912621359223301,0.9861666666666666,0.027666666666666638,0.8381842231842231,0.3236315536315536,0.15711774945082096,0.01723189596964717
graves_ring_outliers,1.5,0.1257,15,0.0838,0.02912621359223301,1.0,0.0,1.0,0.0,0.10789067940833352,0.008989932179451137
graves_ring_outliers,1.5,0.1257,20,0.0838,0.02912621359223301,1.0,0.0,1.0,0.0,0.10789067940833352,0.008989932179451137
graves_ring_outliers,2.0,0.1676,2,0.0838,0.02912621359223301,0.4766666666666667,0.07776745963304818,0.04988023329770312,0.03081150235438207,0.0,0.0
graves_ring_outliers,2.0,0.1676,3,0.0838,0.02912621359223301,0.4766666666666667,0.07776745963304818,0.04988023329770312,0.03081150235438207,0.0,0.0
graves_ring_outliers,2.0,0.1676,5,0.0838,0.02912621359223301,0.4766666666666667,0.07776745963304818,0.04988023329770312,0.03081150235438207,0.0,0.0
graves_ring_outliers,2.0,0.1676,7,0.0838,0.02912621359223301,0.5236666666666666,0.16589119593543503,0.17792064962560303,0.2581997775331843,0.16,0.32
graves_ring_outliers,2.0,0.1676,10,0.0838,0.02912621359223301,1.0,0.0,1.0,0.0,0.6685350182051831,0.17084201907387794
graves_ring_outliers,2.0,0.1676,15,0.0838,0.02912621359223301,0.9925,0.011948965552623255,0.8965506715506717,0.1634947649007517,0.11259425546285415,0.009776888856829792
graves_ring_outliers,2.0,0.1676,20,0.0838,0.02912621359223301,1.0,0.0,1.0,0.0,0.10789067940833352,0.008989932179451137
graves_ring_outliers,3.0,0.2514,2,0.0838,0.02912621359223301,0.4766666666666667,0.07776745963304818,0.04988023329770312,0.03081150235438207,0.0,0.0
graves_ring_outliers,3.0,0.2514,3,0.0838,0.02912621359223301,0.4766666666666667,0.07776745963304818,0.04988023329770312,0.03081150235438207,0.0,0.0
graves_ring_outliers,3.0,0.2514,5,0.0838,0.02912621359223301,0.4766666666666667,0.07776745963304818,0.04988023329770312,0.03081150235438207,0.0,0.0
graves_ring_outliers,3.0,0.2514,7,0.0838,0.02912621359223301,0.5256666666666667,0.16679361831650247,0.17840649099062747,0.25873038699204387,0.16,0.32
graves_ring_outliers,3.0,0.2514,10,0.0838,0.02912621359223301,1.0,0.0,1.0,0.0,1.0,0.0
graves_ring_outliers,3.0,0.2514,15,0.0838,0.02912621359223301,1.0,0.0,1.0,0.0,0.8642857142857142,0.17554579610635013
graves_ring_outliers,3.0,0.2514,20,0.0838,0.02912621359223301,0.9481666666666667,0.046852012882170925,0.5552173169022546,0.2724405465815701,0.14764307385326114,0.021786629397880744
graves_zigzag_outliers,0.25,0.0403,2,0.161,0.10714285714285714,0.056666666666666664,0.03379677828169754,0.06699818518519358,0.0017697230670181074,0.0,0.0
graves_zigzag_outliers,0.25,0.0403,3,0.161,0.10714285714285714,0.036000000000000004,0.024621580416825856,0.06599514860366729,0.0011305675035755047,0.0,0.0
graves_zigzag_outliers,0.25,0.0403,5,0.161,0.10714285714285714,0.03266666666666667,0.01691810338726603,0.06577453614492618,0.0006756014976236819,0.051043771043771044,0.02902474081083095
graves_zigzag_outliers,0.25,0.0403,7,0.161,0.10714285714285714,0.49266666666666675,0.4024281854498321,0.4432204742545105,0.33130148362050166,0.13186965480770985,0.05248700066755213
graves_zigzag_outliers,0.25,0.0403,10,0.161,0.10714285714285714,0.6333333333333334,0.16329931618554522,0.40476190476190477,0.36450740219987776,0.18762559492332098,0.0118455843469064
graves_zigzag_outliers,0.25,0.0403,15,0.161,0.10714285714285714,0.5,0.0,0.10714285714285714,0.0,0.1935483870967742,0.0
graves_zigzag_outliers,0.25,0.0403,20,0.161,0.10714285714285714,0.5,0.0,0.10714285714285714,0.0,0.1935483870967742,0.0
graves_zigzag_outliers,0.5,0.0805,2,0.161,0.10714285714285714,0.06400000000000002,0.03755884272267541,0.06728652818144909,0.0018459023245687607,0.0,0.0
graves_zigzag_outliers,0.5,0.0805,3,0.161,0.10714285714285714,0.05666666666666668,0.03313272970610447,0.06690027082669461,0.0015512300130283093,0.0,0.0
graves_zigzag_outliers,0.5,0.0805,5,0.161,0.10714285714285714,0.05400000000000001,0.031650873254584586,0.06675813898182024,0.0015084744136611092,0.0,0.0
graves_zigzag_outliers,0.5,0.0805,7,0.161,0.10714285714285714,0.045333333333333344,0.025525586292102196,0.06642480608194568,0.0012172169598180834,0.0,0.0
graves_zigzag_outliers,0.5,0.0805,10,0.161,0.10714285714285714,0.042000000000000016,0.01869046102516825,0.06609988731183518,0.0009073582090266751,0.0,0.0
graves_zigzag_outliers,0.5,0.0805,15,0.161,0.10714285714285714,0.7833333333333334,0.23142073276946376,0.5231818181818182,0.3437194646300689,0.19947663128523216,0.005309056801505253
graves_zigzag_outliers,0.5,0.0805,20,0.161,0.10714285714285714,0.5,0.0,0.10714285714285714,0.0,0.1935483870967742,0.0
graves_zigzag_outliers,0.75,0.1208,2,0.161,0.10714285714285714,0.07866666666666668,0.04982636517614612,0.06810277025004519,0.0024689664001678723,0.0,0.0
graves_zigzag_outliers,0.75,0.1208,3,0.161,0.10714285714285714,0.06666666666666668,0.039721250959376626,0.067432658583882,0.001971618456230127,0.0,0.0
graves_zigzag_outliers,0.75,0.1208,5,0.161,0.10714285714285714,0.05733333333333333,0.03220765954448311,0.0669150462404062,0.0015301321657047637,0.0,0.0
graves_zigzag_outliers,0.75,0.1208,7,0.161,0.10714285714285714,0.05666666666666668,0.03313272970610447,0.06690027082669461,0.0015512300130283093,0.0,0.0
graves_zigzag_outliers,0.75,0.1208,10,0.161,0.10714285714285714,0.055333333333333345,0.03363860216411431,0.0668667411546632,0.0015628309294710215,0.0,0.0
graves_zigzag_outliers,0.75,0.1208,15,0.161,0.10714285714285714,1.0,0.0,1.0,0.0,0.27570895210677493,0.011279565294548072
graves_zigzag_outliers,0.75,0.1208,20,0.161,0.10714285714285714,1.0,0.0,1.0,0.0,0.2536092843326886,0.010767428700056836
graves_zigzag_outliers,1.0,0.161,2,0.161,0.10714285714285714,0.07866666666666668,0.04982636517614612,0.06810277025004519,0.0024689664001678723,0.0,0.0
graves_zigzag_outliers,1.0,0.161,3,0.161,0.10714285714285714,0.07600000000000001,0.04767482447674967,0.06797460630937033,0.00236626031678398,0.0,0.0
graves_zigzag_outliers,1.0,0.161,5,0.161,0.10714285714285714,0.06266666666666668,0.03708249062712902,0.06716059757696169,0.001756522920161407,0.0,0.0
graves_zigzag_outliers,1.0,0.161,7,0.161,0.10714285714285714,0.05666666666666668,0.03313272970610447,0.06690027082669461,0.0015512300130283093,0.0,0.0
graves_zigzag_outliers,1.0,0.161,10,0.161,0.10714285714285714,0.05666666666666668,0.03313272970610447,0.06690027082669461,0.0015512300130283093,0.0,0.0
graves_zigzag_outliers,1.0,0.161,15,0.161,0.10714285714285714,1.0,0.0,1.0,0.0,0.2852057705790227,0.015438343372805802
graves_zigzag_outliers,1.0,0.161,20,0.161,0.10714285714285714,1.0,0.0,1.0,0.0,0.2852057705790227,0.015438343372805802
graves_zigzag_outliers,1.5,0.2415,2,0.161,0.10714285714285714,0.07866666666666668,0.04982636517614612,0.06810277025004519,0.0024689664001678723,0.0,0.0
graves_zigzag_outliers,1.5,0.2415,3,0.161,0.10714285714285714,0.07866666666666668,0.04982636517614612,0.06810277025004519,0.0024689664001678723,0.0,0.0
graves_zigzag_outliers,1.5,0.2415,5,0.161,0.10714285714285714,0.07866666666666668,0.04982636517614612,0.06810277025004519,0.0024689664001678723,0.0,0.0
graves_zigzag_outliers,1.5,0.2415,7,0.161,0.10714285714285714,0.06933333333333334,0.04213206749153324,0.067659574181553,0.002116970590623835,0.0,0.0
graves_zigzag_outliers,1.5,0.2415,10,0.161,0.10714285714285714,0.05666666666666668,0.03313272970610447,0.06690027082669461,0.0015512300130283093,0.0,0.0
graves_zigzag_outliers,1.5,0.2415,15,0.161,0.10714285714285714,1.0,0.0,1.0,0.0,0.28666918521316903,0.016394911875920768
graves_zigzag_outliers,1.5,0.2415,20,0.161,0.10714285714285714,1.0,0.0,1.0,0.0,0.28666918521316903,0.016394911875920768
graves_zigzag_outliers,2.0,0.322,2,0.161,0.10714285714285714,0.07866666666666668,0.04982636517614612,0.06810277025004519,0.0024689664001678723,0.0,0.0
graves_zigzag_outliers,2.0,0.322,3,0.161,0.10714285714285714,0.07866666666666668,0.04982636517614612,0.06810277025004519,0.0024689664001678723,0.0,0.0
graves_zigzag_outliers,2.0,0.322,5,0.161,0.10714285714285714,0.07866666666666668,0.04982636517614612,0.06810277025004519,0.0024689664001678723,0.0,0.0
graves_zigzag_outliers,2.0,0.322,7,0.161,0.10714285714285714,0.07666666666666667,0.04816637831516919,0.06799831422781508,0.0023835152901945196,0.0,0.0
graves_zigzag_outliers,2.0,0.322,10,0.161,0.10714285714285714,0.06200000000000001,0.03751147972436053,0.06721402455823451,0.0018428824365428955,0.0,0.0
graves_zigzag_outliers,2.0,0.322,15,0.161,0.10714285714285714,1.0,0.0,1.0,0.0,0.33330115830115836,0.024900781034149756
graves_zigzag_outliers,2.0,0.322,20,0.161,0.10714285714285714,1.0,0.0,1.0,0.0,0.28666918521316903,0.016394911875920768
graves_zigzag_outliers,3.0,0.4831,2,0.161,0.10714285714285714,0.07866666666666668,0.04982636517614612,0.06810277025004519,0.0024689664001678723,0.0,0.0
graves_zigzag_outliers,3.0,0.4831,3,0.161,0.10714285714285714,0.07866666666666668,0.04982636517614612,0.06810277025004519,0.0024689664001678723,0.0,0.0
graves_zigzag_outliers,3.0,0.4831,5,0.161,0.10714285714285714,0.07866666666666668,0.04982636517614612,0.06810277025004519,0.0024689664001678723,0.0,0.0
graves_zigzag_outliers,3.0,0.4831,7,0.161,0.10714285714285714,0.07866666666666668,0.04982636517614612,0.06810277025004519,0.0024689664001678723,0.0,0.0
graves_zigzag_outliers,3.0,0.4831,10,0.161,0.10714285714285714,0.07866666666666668,0.04982636517614612,0.06810277025004519,0.0024689664001678723,0.0,0.0
graves_zigzag_outliers,3.0,0.4831,15,0.161,0.10714285714285714,1.0,0.0,1.0,0.0,0.7263157894736842,0.04736842105263159
graves_zigzag_outliers,3.0,0.4831,20,0.161,0.10714285714285714,1.0,0.0,1.0,0.0,0.42447290640394086,0.029705085403232984
sipu_flame,0.25,0.0835,2,0.3338,0.05,0.5,0.0,0.049999999999999996,0.010206207261596576,0.09505882352941178,0.018443216886838046
sipu_flame,0.25,0.0835,3,0.3338,0.05,0.5,0.0,0.049999999999999996,0.010206207261596576,0.09505882352941178,0.018443216886838046
sipu_flame,0.25,0.0835,5,0.3338,0.05,0.5,0.0,0.049999999999999996,0.010206207261596576,0.09505882352941178,0.018443216886838046
sipu_flame,0.25,0.0835,7,0.3338,0.05,0.5,0.0,0.049999999999999996,0.010206207261596576,0.09505882352941178,0.018443216886838046
sipu_flame,0.25,0.0835,10,0.3338,0.05,0.5,0.0,0.049999999999999996,0.010206207261596576,0.09505882352941178,0.018443216886838046
sipu_flame,0.25,0.0835,15,0.3338,0.05,0.5,0.0,0.049999999999999996,0.010206207261596576,0.09505882352941178,0.018443216886838046
sipu_flame,0.25,0.0835,20,0.3338,0.05,0.5,0.0,0.049999999999999996,0.010206207261596576,0.09505882352941178,0.018443216886838046
sipu_flame,0.5,0.1669,2,0.3338,0.05,0.7796940418679549,0.11485338792350316,0.3379932094049741,0.26296914682983147,0.11808362369337977,0.023270566406664535
sipu_flame,0.5,0.1669,3,0.3338,0.05,0.7188566827697264,0.15603012528473365,0.30255638786223493,0.34977654182040296,0.10161116250385445,0.020232660564455815
sipu_flame,0.5,0.1669,5,0.3338,0.05,0.4180998389694042,0.08934656614462413,0.05295324992164072,0.013844335019228824,0.09505882352941178,0.018443216886838046
sipu_flame,0.5,0.1669,7,0.3338,0.05,0.5,0.0,0.049999999999999996,0.010206207261596576,0.09505882352941178,0.018443216886838046
sipu_flame,0.5,0.1669,10,0.3338,0.05,0.5,0.0,0.049999999999999996,0.010206207261596576,0.09505882352941178,0.018443216886838046
sipu_flame,0.5,0.1669,15,0.3338,0.05,0.5,0.0,0.049999999999999996,0.010206207261596576,0.09505882352941178,0.018443216886838046
sipu_flame,0.5,0.1669,20,0.3338,0.05,0.5,0.0,0.049999999999999996,0.010206207261596576,0.09505882352941178,0.018443216886838046
sipu_flame,0.75,0.2504,2,0.3338,0.05,0.9294685990338165,0.03988422623098823,0.543023088023088,0.17142037479007563,0.3887301587301587,0.13627739853872223
sipu_flame,0.75,0.2504,3,0.3338,0.05,0.9346054750402576,0.03332587997295333,0.5052380952380953,0.1666625849840332,0.46759906759906766,0.12498477148721192
sipu_flame,0.75,0.2504,5,0.3338,0.05,0.881851851851852,0.0624114704358704,0.38742063492063494,0.19770116863238119,0.18513951105255452,0.03008697461374654
sipu_flame,0.75,0.2504,7,0.3338,0.05,0.7028502415458937,0.1751989763748198,0.26470636660568014,0.25630596086812574,0.10258209728541431,0.018435802412265855
sipu_flame,0.75,0.2504,10,0.3338,0.05,0.5,0.0,0.049999999999999996,0.010206207261596576,0.09505882352941178,0.018443216886838046
sipu_flame,0.75,0.2504,15,0.3338,0.05,0.5,0.0,0.049999999999999996,0.010206207261596576,0.09505882352941178,0.018443216886838046
sipu_flame,0.75,0.2504,20,0.3338,0.05,0.5,0.0,0.049999999999999996,0.010206207261596576,0.09505882352941178,0.018443216886838046
sipu_flame,1.0,0.3338,2,0.3338,0.05,0.9369726247987117,0.029622776285054137,0.5428571428571428,0.17985254731448816,0.26666666666666666,0.3265986323710904
sipu_flame,1.0,0.3338,3,0.3338,0.05,0.9267954911433172,0.03600387731805363,0.5196031746031746,0.20132522646901255,0.26666666666666666,0.3265986323710904
sipu_flame,1.0,0.3338,5,0.3338,0.05,0.9223510466988728,0.03806623640871736,0.4606349206349206,0.16597862514808,0.22444444444444445,0.20371851797983717
sipu_flame,1.0,0.3338,7,0.3338,0.05,0.8192109500805154,0.07267229970009902,0.38692316540142624,0.15153983856083172,0.189967376964281,0.07655984197935561
sipu_flame,1.0,0.3338,10,0.3338,0.05,0.6100805152979066,0.13941566791393595,0.10474840399787969,0.02878817303321146,0.11173810874321366,0.02031010435215057
sipu_flame,1.0,0.3338,15,0.3338,0.05,0.5,0.0,0.049999999999999996,0.010206207261596576,0.09505882352941178,0.018443216886838046
sipu_flame,1.0,0.3338,20,0.3338,0.05,0.5,0.0,0.049999999999999996,0.010206207261596576,0.09505882352941178,0.018443216886838046
sipu_flame,1.5,0.5008,2,0.3338,0.05,0.9310466988727857,0.029757765709948363,0.48730158730158735,0.17588633838715878,0.26666666666666666,0.3265986323710904
sipu_flame,1.5,0.5008,3,0.3338,0.05,0.9310466988727857,0.029757765709948363,0.48730158730158735,0.17588633838715878,0.26666666666666666,0.3265986323710904
sipu_flame,1.5,0.5008,5,0.3338,0.05,0.9340096618357489,0.03162333420055183,0.5295238095238095,0.19144818136415984,0.26666666666666666,0.3265986323710904
sipu_flame,1.5,0.5008,7,0.3338,0.05,0.9245249597423509,0.032701805400060235,0.46960317460317463,0.19218899218623603,0.26666666666666666,0.3265986323710904
sipu_flame,1.5,0.5008,10,0.3338,0.05,0.8942995169082126,0.049096889804389816,0.4209870684870685,0.1737482502314563,0.26666666666666666,0.3265986323710904
sipu_flame,1.5,0.5008,15,0.3338,0.05,0.7684541062801932,0.174951189661072,0.3928267973856209,0.21376562654052783,0.19444444444444445,0.11098604071939815
sipu_flame,1.5,0.5008,20,0.3338,0.05,0.5325120772946861,0.08525394398292249,0.16429906107122647,0.18109948735247408,0.11293672346303925,0.025627400652770884
sipu_flame,2.0,0.6677,2,0.3338,0.05,0.9310466988727857,0.029757765709948363,0.48730158730158735,0.17588633838715878,0.26666666666666666,0.3265986323710904
sipu_flame,2.0,0.6677,3,0.3338,0.05,0.9310466988727857,0.029757765709948363,0.48730158730158735,0.17588633838715878,0.26666666666666666,0.3265986323710904
sipu_flame,2.0,0.6677,5,0.3338,0.05,0.9310466988727857,0.029757765709948363,0.48730158730158735,0.17588633838715878,0.26666666666666666,0.3265986323710904
sipu_flame,2.0,0.6677,7,0.3338,0.05,0.9288727858293075,0.02899872663304673,0.4837301587301587,0.17284650221596698,0.26666666666666666,0.3265986323710904
sipu_flame,2.0,0.6677,10,0.3338,0.05,0.9273913043478261,0.0311155283035248,0.4726190476190476,0.18288614463573466,0.26666666666666666,0.3265986323710904
sipu_flame,2.0,0.6677,15,0.3338,0.05,0.8877777777777778,0.044911268619402436,0.38727513227513227,0.20257196781489004,0.26666666666666666,0.3265986323710904
sipu_flame,2.0,0.6677,20,0.3338,0.05,0.7858293075684382,0.09636667433976802,0.27041005291005293,0.15750506952088286,0.11111111111111112,0.1405456737852613
sipu_flame,3.0,1.0015,2,0.3338,0.05,0.9310466988727857,0.029757765709948363,0.48730158730158735,0.17588633838715878,0.0,0.0
sipu_flame,3.0,1.0015,3,0.3338,0.05,0.9310466988727857,0.029757765709948363,0.48730158730158735,0.17588633838715878,0.0,0.0
sipu_flame,3.0,1.0015,5,0.3338,0.05,0.9310466988727857,0.029757765709948363,0.48730158730158735,0.17588633838715878,0.0,0.0
sipu_flame,3.0,1.0015,7,0.3338,0.05,0.9310466988727857,0.029757765709948363,0.48730158730158735,0.17588633838715878,0.0,0.0
sipu_flame,3.0,1.0015,10,0.3338,0.05,0.9310466988727857,0.029757765709948363,0.48730158730158735,0.17588633838715878,0.0,0.0
sipu_flame,3.0,1.0015,15,0.3338,0.05,0.9310466988727857,0.029757765709948363,0.48730158730158735,0.17588633838715878,0.0,0.0
sipu_flame,3.0,1.0015,20,0.3338,0.05,0.9141545893719807,0.04164017065400507,0.4496031746031746,0.2020217790084811,0.0,0.0
wut_x2,0.25,0.2111,2,0.8444,0.08333333333333333,0.9136363636363637,0.03910147848655736,0.515,0.12609520212918493,0.31926406926406925,0.044852746793098176
wut_x2,0.25,0.2111,3,0.8444,0.08333333333333333,0.909090909090909,0.07186994682200862,0.5452380952380953,0.22149256627729016,0.28574014221073046,0.03363215408721281
wut_x2,0.25,0.2111,5,0.8444,0.08333333333333333,0.8454545454545453,0.10890135046100852,0.5371031746031746,0.3051014456935154,0.24666666666666665,0.02449489742783177
wut_x2,0.25,0.2111,7,0.8444,0.08333333333333333,0.7909090909090909,0.173919331542809,0.5141183816183815,0.330552444587596,0.22330550082872064,0.027962819376921293
wut_x2,0.25,0.2111,10,0.8444,0.08333333333333333,0.7954545454545454,0.158113883008419,0.5127380952380952,0.32667187278927967,0.2050186071238703,0.013565251444563485
wut_x2,0.25,0.2111,15,0.8444,0.08333333333333333,0.6772727272727272,0.2200676079438219,0.37857142857142856,0.3788184279579654,0.16187290969899665,0.009830728064681644
wut_x2,0.25,0.2111,20,0.8444,0.08333333333333333,0.5,0.0,0.08333333333333333,0.0,0.15384615384615385,0.0
wut_x2,0.5,0.4222,2,0.8444,0.08333333333333333,0.8954545454545453,0.1109686874157609,0.6033333333333333,0.24299062624810128,0.5117460317460317,0.07443479817017316
wut_x2,0.5,0.4222,3,0.8444,0.08333333333333333,0.9181818181818182,0.05102260072873553,0.525,0.14813657362192648,0.5298701298701298,0.0831168831168831
wut_x2,0.5,0.4222,5,0.8444,0.08333333333333333,0.9136363636363637,0.026504326794751377,0.44666666666666666,0.08393118874676112,0.4812987012987013,0.08608185649646634
wut_x2,0.5,0.4222,7,0.8444,0.08333333333333333,0.8681818181818182,0.09577867048047942,0.39138888888888884,0.1312699132454074,0.42640692640692646,0.0927256154839154
wut_x2,0.5,0.4222,10,0.8444,0.08333333333333333,0.8454545454545453,0.10890135046100852,0.5371031746031746,0.3051014456935154,0.3564879564879565,0.06345017080440622
wut_x2,0.5,0.4222,15,0.8444,0.08333333333333333,0.8363636363636363,0.11624283502313108,0.5307539682539681,0.3117631145709092,0.28307692307692306,0.04670891297122338
wut_x2,0.5,0.4222,20,0.8444,0.08333333333333333,0.8,0.15171199334798763,0.5138492063492064,0.32538643034112313,0.25017316017316016,0.03599910045539431
wut_x2,0.75,0.6333,2,0.8444,0.08333333333333333,0.8636363636363636,0.15941525378863802,0.7258333333333333,0.2945853960323824,0.4666666666666666,0.24494897427831783
wut_x2,0.75,0.6333,3,0.8444,0.08333333333333333,0.8454545454545455,0.16476880873083505,0.6008333333333333,0.3407141193304309,0.44666666666666666,0.24549270186029293
wut_x2,0.75,0.6333,5,0.8444,0.08333333333333333,0.8772727272727273,0.10123207932418218,0.4866666666666665,0.179009621094634,0.36,0.21333333333333332
wut_x2,0.75,0.6333,7,0.8444,0.08333333333333333,0.9181818181818182,0.034015067152490405,0.5066666666666666,0.14590712418826193,0.47333333333333333,0.10413666234542203
wut_x2,0.75,0.6333,10,0.8444,0.08333333333333333,0.9272727272727274,0.026504326794751364,0.5233333333333332,0.13523641850067195,0.5365079365079366,0.13027482240433771
wut_x2,0.75,0.6333,15,0.8444,0.08333333333333333,0.8454545454545453,0.10890135046100852,0.5371031746031746,0.3051014456935154,0.34494949494949495,0.06250395355315143
wut_x2,0.75,0.6333,20,0.8444,0.08333333333333333,0.8454545454545453,0.10890135046100852,0.5371031746031746,0.3051014456935154,0.33982128982128984,0.06427346482229217
wut_x2,1.0,0.8444,2,0.8444,0.08333333333333333,0.8681818181818182,0.16287702606517196,0.7591666666666667,0.3136744596977361,0.6,0.3265986323710904
wut_x2,1.0,0.8444,3,0.8444,0.08333333333333333,0.8545454545454545,0.15387555345282505,0.6591666666666667,0.3003747659175118,0.5333333333333333,0.3231786571610886
wut_x2,1.0,0.8444,5,0.8444,0.08333333333333333,0.85,0.1497932459389462,0.6258333333333332,0.2682297936885875,0.5133333333333333,0.3276854860651868
wut_x2,1.0,0.8444,7,0.8444,0.08333333333333333,0.8318181818181818,0.14559652161860878,0.5158333333333334,0.2629480303532747,0.47333333333333333,0.27357712704910925
wut_x2,1.0,0.8444,10,0.8444,0.08333333333333333,0.9409090909090908,0.023177361425421764,0.6066666666666667,0.15441646429200623,0.4066666666666666,0.2585429257288709
wut_x2,1.0,0.8444,15,0.8444,0.08333333333333333,0.9181818181818182,0.04453617714151236,0.58,0.2406934426471426,0.28987012987012994,0.15082479707612564
wut_x2,1.0,0.8444,20,0.8444,0.08333333333333333,0.8454545454545453,0.09469393934545299,0.5349206349206349,0.2983261441513341,0.23545454545454544,0.1339914885664924
wut_x2,1.5,1.2666,2,0.8444,0.08333333333333333,0.8272727272727272,0.13529887332852014,0.6210714285714285,0.246044559318161,0.0,0.0
wut_x2,1.5,1.2666,3,0.8444,0.08333333333333333,0.8681818181818182,0.16287702606517196,0.7591666666666667,0.3136744596977361,0.13333333333333333,0.26666666666666666
wut_x2,1.5,1.2666,5,0.8444,0.08333333333333333,0.8636363636363636,0.15941525378863802,0.7258333333333333,0.2945853960323824,0.13333333333333333,0.26666666666666666
wut_x2,1.5,1.2666,7,0.8444,0.08333333333333333,0.8636363636363636,0.15941525378863802,0.7258333333333333,0.2945853960323824,0.13333333333333333,0.26666666666666666
wut_x2,1.5,1.2666,10,0.8444,0.08333333333333333,0.85,0.15850541612875174,0.6091666666666666,0.33087006513131406,0.13333333333333333,0.26666666666666666
wut_x2,1.5,1.2666,15,0.8444,0.08333333333333333,0.840909090909091,0.16262312563634834,0.5908333333333333,0.34424232421039946,0.2333333333333333,0.2905932629027116
wut_x2,1.5,1.2666,20,0.8444,0.08333333333333333,0.8181818181818181,0.16070608663330624,0.5725980392156863,0.2917636352236312,0.34,0.30724582991474436
wut_x2,2.0,1.6888,2,0.8444,0.08333333333333333,0.8272727272727272,0.13529887332852014,0.6210714285714285,0.246044559318161,0.0,0.0
wut_x2,2.0,1.6888,3,0.8444,0.08333333333333333,0.8272727272727272,0.13529887332852014,0.6210714285714285,0.246044559318161,0.0,0.0
wut_x2,2.0,1.6888,5,0.8444,0.08333333333333333,0.8272727272727272,0.13529887332852014,0.6210714285714285,0.246044559318161,0.0,0.0
wut_x2,2.0,1.6888,7,0.8444,0.08333333333333333,0.8454545454545455,0.14756984618861752,0.6591666666666666,0.2607734222994701,0.0,0.0
wut_x2,2.0,1.6888,10,0.8444,0.08333333333333333,0.8636363636363636,0.15941525378863802,0.7258333333333333,0.2945853960323824,0.0,0.0
wut_x2,2.0,1.6888,15,0.8444,0.08333333333333333,0.8636363636363636,0.15941525378863802,0.7258333333333333,0.2945853960323824,0.0,0.0
wut_x2,2.0,1.6888,20,0.8444,0.08333333333333333,0.859090909090909,0.16414063713879806,0.6758333333333333,0.33570406941564207,0.0,0.0
wut_x2,3.0,2.5333,2,0.8444,0.08333333333333333,0.8272727272727272,0.13529887332852014,0.6210714285714285,0.246044559318161,0.0,0.0
wut_x2,3.0,2.5333,3,0.8444,0.08333333333333333,0.8272727272727272,0.13529887332852014,0.6210714285714285,0.246044559318161,0.0,0.0
wut_x2,3.0,2.5333,5,0.8444,0.08333333333333333,0.8272727272727272,0.13529887332852014,0.6210714285714285,0.246044559318161,0.0,0.0
wut_x2,3.0,2.5333,7,0.8444,0.08333333333333333,0.8272727272727272,0.13529887332852014,0.6210714285714285,0.246044559318161,0.0,0.0
wut_x2,3.0,2.5333,10,0.8444,0.08333333333333333,0.8272727272727272,0.13529887332852014,0.6210714285714285,0.246044559318161,0.0,0.0
wut_x2,3.0,2.5333,15,0.8444,0.08333333333333333,0.8272727272727272,0.13529887332852014,0.6210714285714285,0.246044559318161,0.0,0.0
wut_x2,3.0,2.5333,20,0.8444,0.08333333333333333,0.8454545454545455,0.14756984618861752,0.6591666666666666,0.2607734222994701,0.0,0.0
